accountExternalIdDebit,accountExternalIdCredit,transferTypeId,value
8b1ed856-7cc9-422f-ab74-56192b21368e,542c9d1a-41bd-4b08-87a3-7d2a01bb8990,1,1747.85
70bf863d-640d-41d8-9de8-7a0b86484745,dfb306ac-1fc5-4efa-bc7b-5bafd8263f30,2,242.97
1a9860d3-3688-4f1c-aeb0-993626c15784,3dbc0113-eb87-4f80-be03-52ebe21b5cb2,3,1205.49
917ef3e4-4517-4f27-a25b-3f3ed8251f98,7b2c15b0-4c22-4a5a-a86d-8202576af96a,1,1166.8
57ea3309-212b-481a-ab94-1d095676b22b,e4c8893b-67f2-4fa3-b461-a4cbf4f9d34c,3,1977.66
5cc2603e-2978-4c6f-a8f8-d98b8cbf6cf1,e4ca9f0e-b852-4309-8de8-17025aa2d33e,2,99.36
469447f1-0c23-4788-9786-0d3abe821049,5de7cc0e-421a-48f4-9c7a-63304dcdc524,1,1821.79
e5384a51-60df-4c09-9469-9b57c59dfed8,8c6aaf5c-0b4d-40c1-9db5-b012a1a42b23,3,1955.41
aaff0ea6-2560-4d15-994a-dfc2c5fe4c7b,432211dd-56d7-461e-b12b-f8251225c33d,2,586.63
20e09e76-1683-4b23-9fc6-b71d5b6552d9,123515c1-1df7-4c3c-9165-8679b6ea8ee4,1,982.86
c1420d6d-5490-4779-acfa-cb2849141ed4,d0134ff3-1f21-4fe4-a099-241acaf515c0,1,1921.68
2c5369b9-93a4-4b86-aa0c-b3bd22fe1d6a,b59fd265-04e9-4dd0-b2a3-9eddb8008bf5,2,54.36
8076a93e-847b-4b4e-91a6-81ac3380cb3a,6af01d9b-4e54-46be-b17e-d391c24f6b19,3,996.33
9b246c1f-606a-4e06-96a5-eef9050400bf,97b1c915-fd0d-4453-9667-24145859372d,1,968.8
2fea57d0-42ee-47c3-8215-2466feb882e8,0131c1f3-f26a-4d5c-a9d7-950fcefd27ea,1,1652.0
604e88c3-ff9f-4ac9-86da-b3d00ed2d21a,ec430d9a-75f5-407e-8802-08ebf18b396b,1,1947.39
bfd017aa-ae1b-4bb1-9386-54f64accdc53,c2b6b777-78bb-4496-895c-abe06ce263ae,1,734.3
7dd8fcb9-8983-42dd-a019-d8b0a2134af0,3a632ddf-013a-4beb-8a2f-042427c6277f,1,369.84
d410c81d-88d2-4d4b-b806-76a4a7ebd05d,6d352154-e298-45a0-bb35-df34c2402d43,1,305.46
4edadf3c-b558-4b9c-9662-48a404684386,ae4b7dab-9885-4f39-8c7f-66c20b813502,2,849.92
af91e185-55f2-45d8-8a91-20e2e80e896b,7856e5f3-7d10-4bb4-8673-c24a7678f7eb,2,1731.45
8118a5d0-6d20-4af6-937c-97e500c82dda,ad1b734d-3b77-48c8-98cf-23d60939c55b,2,1149.12
d17c3ceb-a72b-4482-b384-5b07eb513556,796e6811-fcc0-4247-a1a6-78874b8b13ed,1,1262.35
f037cd57-970e-4d6d-ac74-673b0a1e933d,2b9a5c80-4b52-45c9-8b6b-92e1400ff68a,3,908.37
0ece53cc-f87a-4eff-9367-b51b9eae84ff,8328222c-98f9-45a5-a0e5-5cd820bf7ab3,3,732.22
829b19e2-4033-4b0e-ab9e-985cffa7219e,a909f208-572a-4faf-9ef5-bf273465dcfa,2,1977.44
b0945954-d2de-4cc9-ad9f-2f1f4076486b,4a173e75-d06a-423a-8955-3ebe6175a338,1,1022.71
686414d5-067c-4521-961e-301c2ac4c17c,67f24aa6-d16b-4cc2-a293-f223ed4e772c,3,631.27
43ae73e4-3b10-4b50-8811-c60fc4c0a138,bf49218d-18bc-468b-9d39-2eb4d93d126a,2,1092.96
4da7c17c-9182-47ee-8ffe-a6d26ddb7050,70f57eb9-d915-462b-8e69-497ace36e4f1,3,1167.87
abb89e0a-c53c-438e-8695-beb4c9600ed5,a6db8195-3d29-4a49-930a-2f345ffdfe17,3,1145.4
2284f873-8bfe-4ab5-a80b-aad1f0e918df,9c2de7fd-48ef-4692-a66b-45c13544e9dc,2,1880.52
ea4799a9-dfc1-440f-92e9-bbca05bee372,2610eb70-5d18-4471-97a7-f2e60892d031,3,824.39
3f1a9f81-688f-4f1a-b54f-1e463b392c4d,dc9350d2-60c2-4210-90fc-e2776e96f606,1,1021.93
0a84c5f5-facd-4d14-b16b-15ba466a3ab0,1bc40642-7401-4df4-a53d-5d928d90ce9f,2,124.57
e35041d7-ebbe-4f15-aeeb-26f8c8eb142c,2b7618b6-8414-4639-b234-d2038c2d9e3d,2,1402.68
06a4f054-d8fc-4c14-93a8-2a89265cfdd0,1305b55d-a3a9-439b-9e59-f9a6b5920119,2,949.39
d52e7726-9452-46a2-98bb-832f8e3ac57f,c16ae463-821a-49a4-84fd-78126845be8a,1,1171.34
e5421f25-a58b-45cf-9f6e-a71acf0030f0,61cab0bc-2541-45c6-a597-869352ef130e,2,858.55
57a038dd-ec33-41f9-a56d-30bd99dee116,c40f1739-a3e1-4cc5-a2ad-2123d8e21fbb,3,1198.86
f05b5864-7dc6-449a-bb16-b2ec8a096c01,0dc70513-43d1-4980-9ce6-0ca1c9823cdf,1,129.02
fe324eb2-f52f-42d5-bb16-0b2d77e7f582,a4e82a6e-72ad-48a4-86f2-72c98d9bb753,2,34.86
520dc832-bcb4-416d-b172-54bd7619e447,c7135a05-9033-482b-93e0-2fbecd5eaf0d,2,1050.83
473e5342-e8de-4238-b094-fbbf0556d48e,2c1371fe-a4a0-4fd0-ac07-a6c1030b04f2,3,1106.22
94cfdba5-d8bb-4987-bc65-7f9b6b401c63,5afcec5e-c0d4-45d5-803a-8a38e234c7f2,3,116.58
68759c0f-2ad1-4d59-a063-791aed96e6e4,23e3264e-09a3-4122-a615-8cb4ed0169e9,1,437.55
72bae294-7126-494b-a000-ee8af85b0f22,2645ad74-abf5-4db5-b890-68ffa2f68001,3,1184.88
a1fd4637-348d-4d65-8475-1d4bbc19374c,754c283e-38cd-46fc-9de3-ce941610dad5,3,1295.41
a2c47a71-80aa-46ec-9acd-1386e0756933,9ca157e2-01c6-4da3-bd51-b653eab62ac4,2,1581.66
14a3b98e-b777-4491-a8c5-c9e7525e493f,6727a1c7-f9e2-45f4-9374-729cfd258de8,3,1866.82
6837851a-409e-4e7f-bccb-aa2f9b5226d1,00ba6a34-5dbb-451b-abd9-686218f61448,2,41.67
429dfbc4-37cb-449a-9c2c-1bf4c968dc44,2739de23-f5e3-4385-b141-cd1a5c11fc66,2,963.28
408fc2e4-26d4-43b7-96b7-62794c83dfbf,8fa57af5-93dc-42da-97e0-985a94eb85ca,2,1506.3
396b6690-19f6-4e9f-99b6-560563ca8002,292920bb-13b8-4369-881f-3085f63f4a19,3,845.28
db5f1b23-b7a6-41f1-9f5e-62889839203e,bf56df3b-e342-4638-baeb-9f626281b7f5,2,508.4
1b187d6f-f68e-408d-847d-17fb2e07c150,6ce2fcdb-441e-45ba-bc83-3bc5a1741ebe,2,1304.25
a2c79a90-009b-4127-9649-89648d3292f8,1b63e683-2283-4abe-9c8c-ce8245c5c82e,3,155.22
d30e59e8-fda4-4a86-be7d-52d0b1a117ea,10090f22-e51b-4345-8fa7-f041f5e702ab,1,1427.08
8acd2b28-2ebe-42f9-ab17-bc1633064a94,2545abd4-ff80-4e29-a308-bae9e539747c,2,1865.11
f47311fe-45fa-4334-86f5-cb4e3c57dd25,aa8b348b-e798-4635-951d-2d19b0c500bd,2,1661.1
ebbe8889-8ad6-4e97-a2da-f64a04513a83,194cf74f-0af9-4722-aadd-4ef377d0f537,2,734.76
65e84741-729a-4f3e-a837-6886c0b346d7,c645134a-1ac7-4527-b713-c730e764f250,1,373.91
b5920bfe-566d-4325-88dc-4b58dfbb7327,f737124b-7a40-4abd-a70d-f811cac0a779,3,1408.26
873d2f37-057a-46c2-8ea6-ef8093255247,940878c9-0dfa-45da-96eb-18638d16f733,1,1789.9
073131db-4e86-4869-bb86-511968dd39ad,8951fd7b-09e9-4d6a-a6fe-66c9a541e7d2,2,1581.99
b724cada-c352-4a13-8e0c-f0575b7fc710,0b547925-2552-43e7-8464-6a8d55ab034f,3,587.49
609ed229-c29d-4b6d-b65f-d2d8c075123b,8017af6e-8214-4ec1-b1cf-9075d7c0bd41,1,99.1
97b74f16-8127-48e7-b404-2d0f529ffb36,c2a53d71-6a61-4cf1-a798-712ede5ed7cc,1,512.73
3d3b8e07-b410-41f9-9271-f85d694043e1,1bc1a630-d504-4014-b7aa-91ee4266de72,1,1109.17
38a1a0e6-614d-4b9b-ad31-443880d9bba5,ad39788f-1ac7-4887-9b34-a9f795cb479c,2,1819.95
75c96d08-0196-419f-be20-881b87899b1a,0e08fff0-ae07-48c0-afe8-9ffd3d288000,2,763.05
f9fc8946-4d32-4b0c-8df2-928ebda8fa76,8a5207c5-3a97-4f21-a3f3-9c0659db995c,3,1271.54
ac2331fa-32ba-4796-9e99-5823def1a481,df4fd5cd-b731-4dc4-849b-998329b2ffff,3,1418.37
4e6e03b4-31d6-4d5c-848c-15c7e0d78c78,8e06890d-5a34-407d-944c-4a4f229e5d59,2,209.25
b7595d8b-f5a1-47b2-bb87-be83b7be3d13,84600638-ce94-4341-b622-5b23f13e37cc,3,664.4
93701303-f012-40f5-a406-509fa5825146,727d1c9d-64c7-4844-9bff-479bc5624bfa,3,1299.0
b621dc0e-fac9-413b-9d30-80f84e9fee5b,84cd9e35-5529-4bfb-afab-67e225c3987c,2,1635.11
37631988-8216-4e41-8931-7540f3e55253,ffa2d53f-75b7-484a-9398-f69fcb28cb9e,3,1151.69
90bdbdf0-41ff-4135-b2d7-2619ba556e1d,181d0632-2834-403e-a08d-7a5652628d31,3,1829.73
7e51a3a4-8a8a-42c1-90eb-df20056bef8f,d6b337d6-8887-4370-990f-0dd74e3437d8,2,1246.42
f3a09854-63a6-4e11-9f8e-e3cd66b67729,342a2652-4cb7-48b6-998b-9faa4643231e,3,14.45
6f6c5e29-a8f2-4f7a-9736-b87d563b055c,2bc2622b-457b-4355-9335-a7b291300e5d,3,1216.26
07a340a0-bafc-45a4-b3c4-9f6260723269,808813ce-895a-4b65-a646-4aecc4efc336,2,1324.54
b030cb4c-d5c7-4ff3-9601-3d0d9e6d576f,24b9a229-fb38-4e79-94ad-b90c7c2089b7,2,15.74
0c307f08-adf7-463b-83d3-b5505c2823ad,34988485-3355-4a96-b26c-fc86358fbc94,3,210.05
9576b86b-df62-49a2-a091-15aa072d8146,e95367aa-854e-4fe7-9a8c-e7d33863a805,3,1709.02
e9f8e1c4-ab3a-436a-a578-59350c763ecd,af748765-bb93-4c4f-9408-91b9757eb07b,1,420.4
a9bbd5ed-5c4f-4aae-84aa-a36897607209,d223e128-cef9-481a-a358-99b40f272152,3,604.9
2e1a7e91-ba6d-4d43-9c49-bb02daef6403,022dbbbd-3a8f-47b7-af5e-0cd95d7910d6,3,226.48
e67a96d8-7237-4951-be2a-9b2d0f053baa,9da8f593-e2a8-48e4-8edf-c7715a1e8f24,2,523.85
1d502593-2171-44d2-819c-76a0b8595a14,8fd478a7-6e1a-4b9a-b6a9-a06879002627,1,1772.57
5d6c42c8-36e7-4eea-9e3e-576fe564d0b1,3d3177b3-580a-4e0e-8ca2-1875ed6a3541,2,1041.49
9aea39af-fe42-4d34-b948-ade4c71a64ab,6245554a-3501-43b5-933e-e1de2f714f71,1,206.46
bc09208b-51bc-4bb0-a215-710bcfab47d4,89c6fd23-4ab5-451c-9809-cfb51e292aeb,3,481.04
d803a4f2-33d3-4e75-8613-29fe94c1e87c,83b135e6-1650-4404-aba0-58dda4712b82,1,1947.09
6265b2a2-e14d-44b4-b645-b9e945f196a6,ff2703c4-a0af-4613-9465-608b222e7ac8,3,176.4
1b227ae6-9fc1-4013-bc0e-b1303f1f7573,ae3e814e-0779-49a9-81e7-a6ecca906499,1,1877.47
eebcd6cc-6b91-49d0-8996-7f43795f4791,00d9b86a-8454-4e92-a077-f942b7b676bf,1,1160.45
a5ad3d04-0756-49ea-9236-ef851f311a47,9aac7071-c11f-43ec-a7f9-3dd4e16bd537,1,1302.27
404635c8-7ec0-4b68-96c2-7b98e3ebbb1b,5f53171b-9a24-47ec-b31c-1e0a118f1023,2,25.04
d5332d62-c9d3-435f-be69-30bd061bd105,fd242616-8523-4926-8ec7-54248684332e,3,1875.0
29a87088-e7c6-4214-af8d-46eaa89beeab,50fa5c75-82e1-4017-b056-37acfcc8a90a,1,698.11
9a9e8e16-cd88-41d6-aad3-708650433b2d,131e0290-12dd-4403-ba20-860c3380a516,2,1371.57
7d4f2ec2-9d8f-4e5e-b89b-bd5534d17cf2,de37aa5a-06a6-46da-a396-a1fd4921efa6,3,974.45
8f4a33c5-ed01-4e7a-a193-ccbfb063235a,df52af4e-9d14-4d47-9937-c1b74042c78d,3,1070.84
e7a157ee-4031-4551-9629-564addf6bed7,92469373-ffa9-4d50-b8c4-e975c6a78a8c,1,1804.51
57675854-1863-4cf1-a4af-f2593b4806bf,1517871c-f630-402c-8788-afefae2a721b,3,47.12
763cc450-6100-4cb7-99a1-46e08a0ed7b4,df9584ee-657b-423b-8456-6c632a06985d,3,1462.36
7d38d93f-6f75-4ea8-9d63-dd2e24454453,7fa03fd7-db50-43c0-b254-c4a6ef73d736,2,271.0
06bd5ab1-80c2-4263-b663-3af86dc0b854,7068b423-adb8-485d-878d-92063846ac35,2,1428.75
60867f48-a0d1-47a2-bf37-4551b7085b44,9fe65e9c-c417-4c81-9329-798affcc8a32,1,1505.06
28ed9947-7549-4b88-b6ea-a9c91681b934,4922fb0a-9aec-4b1a-931e-b8e193522335,3,1961.35
98d4c357-11bb-4584-beb9-9a4a5288a264,71870329-35e2-4220-bbb7-c4f03eb3a5f6,2,489.12
2ba24268-8282-4d4a-922e-5cca152f4034,3f0c7dda-40a4-40a3-8747-eaf1e18018fa,2,1712.87
6436d443-7993-4bdd-8bd9-16e98a12e15e,d88eaff5-9f71-476e-bb1c-648441abada3,3,13.64
ef15517d-2fcc-42f8-af9e-d4124df0e28a,d3874381-176e-48fd-9b03-a3a5f49570eb,2,813.37
2210de9c-7bbf-4365-9000-1f70d86c1628,203976be-9053-4c57-81f9-259e8aaaa718,2,1717.08
d183bd94-0673-4a4d-8327-27a9cdaebf80,a711d5b0-7730-4567-adac-90e50478bf3b,2,1482.25
e49ebc89-d2a7-4af6-b528-3397bdcd6587,baec6a03-8fb5-4f18-9cdf-85cb62d921a0,3,511.83
7c82a3a1-235e-49ea-98fc-64505d47a2ae,333253a3-d752-47e0-b7f8-c016922df912,1,1520.23
792ecbea-c982-475f-b784-d4a772b0f14d,c007a6be-4e0d-488f-a5eb-a0e8e5cb2318,3,276.2
9a4c8523-15c2-4e74-a4fd-89eaba5d1c71,5a1e7250-f7a7-4dad-9512-175ab6b91aa0,1,1881.96
266b7859-250f-41d3-9840-2c58be6dd7fe,567c29e9-d9be-4f1b-ab2d-bce9fc727f44,3,938.63
c22e0e30-8826-43be-9869-640c3f633874,30fd5ca9-2048-4c24-9ec1-4d68fc4e71f3,3,1279.39
992d642b-f734-4b8d-9a95-3281931e4af0,5755e7a7-3196-459b-8aca-59a7a1a2ea06,1,824.28
d457aa5b-71f0-46e8-8c44-bce95ae364b1,9dd7e851-d0bd-40cf-b5cb-39f3e066a109,1,1039.58
6340498d-123e-4dd1-80fb-b153d1a476fd,e6514364-3bd6-42e0-8e50-f1a90c069eb2,3,1459.08
7c044111-e26d-4da0-aad3-73685f1ee590,fb881675-bd51-434d-929e-0a7de1ae9605,1,473.49
6fc721e1-4615-44c0-9283-4d7ca9518772,1c06057c-2d3a-486d-8587-9e31b5d2b552,2,1472.21
82bac2bd-cedd-4791-8087-6994fd9cd69c,d03bf134-1b43-40da-91c7-79917ea1b191,1,1983.4
51a1fde8-4f47-4812-b57d-ede6be22cf8f,592e4174-97a2-4451-af95-6f2d2dbed485,3,1261.85
057550bf-f248-45ea-8e06-1c7fc9d2d351,28e8c306-e773-4f6c-a0e5-44da833de279,3,1495.34
c4af5250-3d19-4292-aaba-56a4c94366a4,d7d94e85-9ddf-4b37-97bb-15ab07b95f79,1,70.57
73effe3c-0f13-491d-864a-e16022089b1c,0b031e05-0949-407e-b3e1-cd5f3ab7d9c2,1,251.95
7e456488-e599-49c4-8a07-9a34b80387d5,6bca28ae-4b8f-41a8-9922-e04aca648da4,3,1980.72
2afedca1-d5e6-4a04-9b72-2bc4f47231c4,4f63e6d3-29fc-462f-a73f-b6919d4d5a54,3,1264.55
0c75b5da-617d-42e7-b7d8-21330e2ea602,f07b6b27-bd69-4a63-a580-89267aa4c6aa,1,312.99
8576e9b2-969d-4857-99e3-d5ca23f57dc2,9ca127a7-90e3-48ee-8aba-ef9a836436b4,2,982.83
9e0fe858-e559-4513-a71b-107a5ec01f8a,54bf1d5e-49d7-4ecd-9ba3-1d5391828163,1,1421.64
15adaaec-47aa-4f72-960b-2c42d3eba0a6,436eaeca-068c-4ef0-a143-6052cee19d04,2,925.85
d0c22a06-9677-45f7-b949-56eb7a263b12,7d39a9db-b8eb-4c9d-962b-9d5346342ec2,3,782.57
9a6bcb38-aca8-4163-b2bc-eb9be9c4bf48,7fbbd030-2338-4c91-8fdf-6795ce848bc4,2,1251.76
268a0ed5-127b-48f9-9232-f9b6f3b063d9,c338907b-9820-4b45-846c-7aed701ccb8f,1,1909.65
4ec2b0af-af63-4df4-b58c-97b89479e72a,c7ff53bb-ea28-4928-a5e7-7d25b3d9294a,3,1270.77
ce3daf65-f87d-44f1-834c-82667504dc69,0bfdb699-0324-46ff-a207-3c464b388c69,2,1229.23
3fe2db1a-ab5e-437a-bf29-10b6bb30df90,d42d04a4-7d40-40b8-b8ac-a754f84085c8,2,1286.94
dbbe536c-8855-4688-b1d1-630ba46fd2d5,3dead09a-e3b5-4afa-9edc-c73caf06ba21,3,1570.98
d8c33c3f-d463-4dac-9d35-ef47b445f2e3,cc0c8320-81fd-4ae2-bc2f-95531bec9ae2,3,1820.31
1c9ee059-fb67-4b3f-997a-f8e2ae85e100,e4bea47f-c2bb-4754-83a6-d0075e0cf9cc,2,495.17
063c40fa-348a-4932-9678-25ea667d7295,1e5c756b-dbf7-4e32-bf14-9696f32dfcd0,3,415.09
788dfb3f-f01c-47ab-8627-75dd5ea56c5d,267ae830-d939-43a5-82be-6aeaf78e118b,3,1382.45
44310344-3f65-41af-9215-90776001b49e,9a20affd-8429-4940-955e-b9eca8c61a05,1,315.25
5cc488b2-dcce-49d9-bcdd-a5e2872fc732,e0818b65-1c55-4c27-afc1-08af5545bce4,3,1925.57
efb0c140-c735-4be7-96f0-71e09a57ef46,7af21029-be0b-4eb3-b424-1a609ded1a92,1,749.53
c3a06ae2-577f-4b7c-8a2b-161a664f18a6,bc8e132c-f5de-49e4-b8af-8e166917408b,2,1247.94
d78155c7-6ba8-4ab4-a52f-b8be0b65c93b,00bcb42c-b440-4ddf-8b66-993a3ab47279,2,1512.78
157ba85e-79f5-4b5d-a81d-0af47e1de2b7,c0c29bc5-de85-475f-bf77-4c2d93e25d19,2,1133.39
41ac5685-a889-4d67-80ef-c25c4b1c42fe,8c02a507-d059-49e9-b335-88368be2d591,2,1210.18
7c86053c-eeda-4581-baaa-f3ee119c251b,c9b31d2e-16ee-4600-92d7-d8405951809e,2,27.44
a5294414-feec-4e57-9635-b878ed61bfa9,67408987-9ab4-4f02-a25b-fd097933c42a,2,69.91
322f64cc-0c7f-4f66-ad82-a8398311efa8,37fcb636-b9b8-403c-b5a5-1021ab25ffb6,3,360.02
4b06aca5-f76d-4cbd-b461-07fe010c61d7,b31572b9-ddc9-4ced-85d2-5d302970e240,2,269.42
d551de14-62e1-45b5-ae0d-8b217cd24d92,be737177-7c56-4be6-9afa-57c22a8cea6e,2,850.7
fdea769c-c33b-4056-89ec-dd352aad0271,ce7c5263-a1d5-4a01-a814-3c1d283a4317,3,1079.08
327392fe-5948-4486-9659-e127338b6563,2e7ef638-07ea-4839-8053-a8e10d3be48b,1,61.05
0eeaa7f2-73c2-43f0-9127-5e83472e5253,83c46e47-ead2-41e8-881d-f3029e74c3f1,1,1584.55
12c6af98-2f0a-4803-9389-ab1f4f7db918,129d5b86-d001-477a-b911-07d9d16e0133,3,775.62
16143e64-b56a-4f9d-bbba-515e4820e203,ef80f0e5-c17c-4dee-8fe5-12a54c882f56,3,355.0
9fa67cee-8c5b-4475-8346-8b32a6fcac42,66df2782-1744-44d6-8d30-3bcac98239c7,1,1991.83
cac8435d-53c7-4e10-a743-4b925d7c628e,ddf865fc-4d10-4bc1-8544-54c9200fd838,1,619.94
effc441f-6b8a-4def-930a-4c1ad384c9b8,ead2f144-911c-458b-8e76-2e396b7d97f1,2,353.74
cd901c18-0ab8-43ec-a735-8802560f916a,e3127b69-0d5d-46b8-8e19-ef734268c978,2,1015.14
8a96328c-6c79-45c4-87b0-2be50f06a5b0,623f80bf-9942-490a-97af-f52543792704,1,1208.45
867df073-6ed3-4996-adea-79f368b970e6,6c7ccff3-5b1b-48c6-85c6-f58e11082989,1,344.42
c4dc186c-28c1-499d-9b6a-1aeb369e0fc7,dee0961f-93a7-4ab3-a00b-507533cb40e0,2,1584.58
611ccdfc-a833-4505-a075-a0a2b96e78a0,ab2c2bb4-cbc1-4c7d-a690-0d1fe9b10338,1,1816.92
d4a685ee-a31e-4f7d-bb2f-c64d0f858e4f,d280969f-a5a0-48b3-8f34-24ee7357a3ad,2,1582.61
543a3eb4-b767-4093-b42e-7175f1fed56e,f19f9162-aeb1-4d73-a1f6-17609edc566c,2,512.67
a7c1b5d7-9b6c-4817-9c79-b2124185d9b8,4fe3e9d8-b345-435a-9dfb-c73e057b6dc4,1,1777.29
3e7740b4-be57-45b8-967c-0ce23a5abb21,e831f33d-31d9-4d50-8576-9302a4c28cd9,2,1681.05
05c4aa0b-8fc7-490d-9a9e-f4d1c55a601e,100298fc-165d-4f9e-aa3d-747bb3bd114a,2,596.22
da7f68fd-15f2-486a-abd3-6482f2e699c4,3056deac-e0b4-41ce-b71b-0c7d91038d0c,2,1628.84
f1f498d5-b4e6-41c0-9b6a-742f8da591a5,3cbc2c8e-f898-492d-9533-29b27568a426,2,634.6
49a7ec35-c82c-4510-91ea-e84557df7f35,fb4289a0-2eee-4bb1-b68e-d4407c626f5b,3,1591.63
f7be2ba2-aa0c-47d7-90e6-cdb300bc4615,a9d8d400-88d6-4c4d-8e43-35a0d2b0ce25,1,161.89
a61086c9-0aba-44dd-9bca-586c261ff324,d014d5b7-1673-4ccd-a6f0-7de29d05546b,3,1722.34
04e746d2-4179-4036-a203-0b8e515329a8,36c6e450-48ca-439e-b4fc-fe38df6e8095,1,415.49
35b517a5-422b-4315-928e-9680c66034b5,3c4e31dc-ca93-4815-b16f-b5e0252f2bc8,3,541.12
9958b041-a5ec-40d3-8699-e96492f42f86,b3817da9-e72f-4f02-8e21-4ad8f1ad445c,3,776.45
e098d36c-e7a2-48f5-8f8e-822dc901ed7f,f3bb9d9f-f716-43a0-ae61-c58a089b40f1,1,1452.02
7e3a9bd5-68c4-4ff2-aa20-673976b3cd5d,5ffdf3ec-514b-47ed-876f-9c21a7e010a6,3,668.73
690ae115-100e-4a03-a6d4-57142b1c02c7,835d5bf5-7eb6-4b61-b884-9c727a574fb4,3,740.68
4d0b2835-be18-4d34-a3cd-b021d221e578,beafc01c-a605-43b9-a865-5c1ebe64654f,3,237.27
bda9e604-4424-4e1c-af85-6060e20a92bd,b4096f66-ff52-49f0-80ce-31e86a48a4f5,3,1291.4
1667446b-bbb1-4569-ab01-60166a47113f,499d86bf-ad26-4ecc-856d-7992147dcada,2,1691.89
2922e199-8705-466d-bf6f-2a0f8a8a1fb7,d34bd7fd-546e-42b0-a4c3-c4ec5ff130cb,2,774.92
2b72a80f-65d7-4ebc-9bb4-fb16e7964d4c,8c8642c0-6875-47d5-9a3a-7492f56260db,1,11.07
47a82e14-eab3-4d74-9b11-c84b2d61ebe0,a0d88857-9e80-417e-a913-39f50abc6535,1,954.61
a425ba4d-74bd-4b8e-aadc-781056f1e584,d8a983ed-90ea-4aac-89db-7cf138563cc9,1,975.49
dde7707f-39c0-41ca-af1a-73582ce667de,a5f34245-02a9-4d5f-b344-3bd570acff95,2,1641.93
4524a766-5bc2-47e8-bc69-9e4ea1f917e1,6fa75211-a320-4d4c-ad22-cbf6b5d4455e,3,756.7
c846d250-dfc7-4b5f-8a6e-0e79a539f3b9,0151ff45-e604-41bb-97b9-146b53dbc295,1,620.06
881a4fc6-66c7-4869-884f-3898293b78eb,7f3c42d5-37cb-4660-8bd6-e359244e0263,1,1194.79
9a34f397-3f0e-4003-b371-a647cc02386a,9927133c-d867-416d-a865-4682f946862c,2,724.49
a001cb4b-71ae-4754-bc3b-b0ea07ab18b5,bef2368d-e814-4478-85d3-58a056ad8182,3,1458.83
07cd4075-69bb-42dd-8800-b28d7fbe61c8,8c0df538-c00a-403d-bd4b-97bb5880565a,2,399.6
b2f47049-a8f8-42b8-892d-5d18535b66d4,5bede8f3-33ce-4857-9513-877cb9415162,1,1937.15
fb8d0df3-36a7-4418-8925-6ac8a186138f,508e1a75-ebbb-45e2-9278-58b077e089d7,1,391.58
7b728ac5-aef5-4609-bdcc-fee88b2cb3ab,bbac4bcb-28d9-4460-92bb-4a76bae5ac7f,3,1422.91
6635fad7-61ae-4268-9389-5a6a6a5eaa29,f1daefa8-b474-4d6d-bcaa-178c05d70522,1,1365.93
59471b2f-f1c3-4c1a-8e45-1fa9b8022fc6,605d8cf0-6699-4760-a2ba-d2978143dc76,1,1783.59
1ad35d0d-4c76-4682-8d71-46b559c1c197,94d0ae71-f849-4dda-8c22-66654fcaa7db,1,1805.32
13d43d17-cda5-4f76-9d8b-8fd9bfad86fd,ae528043-f820-454c-874c-638db3814119,1,1966.93
4732140d-5a05-4680-b93c-178a819bf64f,d5377088-790a-4607-bbb2-407d8b0dfaf2,2,1597.61
e9cf30d9-8645-453b-9b47-f9bcfba9d138,aa3a71c2-1062-4653-8014-e904cafdc5ef,2,1230.72
b90ce3f0-6d7b-4f23-aa90-5dd01bc8231a,19441188-5e0f-40b9-9365-70b67f9050c6,2,1227.82
e9c40e29-68ee-4518-88a3-73d4c07ce234,efb300c5-73c3-46eb-b0b6-b22a6dc0eddd,3,1585.01
6318c78c-eef3-4e99-b0d2-3524266daf5f,6e9aba6f-60dd-4200-b781-4c2eacc51692,3,701.69
e66e0f52-a51e-4bc1-ae58-3db34088ab93,4a289ae6-5e89-4715-9961-ee72024e5f29,2,873.01
fc713a12-1cc8-4f9c-8628-c3e206a7f5e4,8b2339b7-154e-4825-ab19-1ef70ab18c1d,2,825.53
a32c42aa-434f-40cd-aecc-839c7f4cf29d,315352f5-ff51-4441-9515-c10f53a3307a,3,658.32
e1cdf064-2b99-4dd7-869b-9fa5469ff13e,7681306d-a870-47d2-941c-d99543914ae4,1,1427.7
efa5d8ee-ed61-4d4e-9b3c-31ff280ee972,72c94274-be6b-42e2-978b-92c00eeb4bd6,2,31.21
3c2ed494-ec70-47f5-942d-29831d5c9009,c627f508-d9aa-4233-80ee-bc89f91d8011,2,1806.35
7a6b6af0-e0e2-4aec-bdee-99da1d2204e4,915acce1-08d3-40de-9aa9-ea06bd6ed737,2,1834.64
66897da2-74fb-4071-8607-373af71d3220,f843c45e-a00d-482e-80b0-6b425291d325,1,1093.9
5860ac75-ac4f-4c4c-aeeb-4a1b1e090f43,22cba2a4-e968-43f9-ba9e-18d61084b7a6,1,1603.61
9ecc4fda-4e6a-4d5b-b7ac-75f87b2a2b73,09fc52d4-ba5e-431a-8401-16f282be2e23,3,439.8
0835e9b1-b027-4d2d-a93b-12c2c176aa93,9ca9dcee-748a-4aa9-b7e7-689466f90787,1,1651.93
3f8ca905-ca0e-4d5c-bc7c-3fbce839ea49,0041698a-cf18-4ce0-b6c5-768ecb1d15f7,2,394.44
97be6cdd-17fe-4bfd-a457-b788eef7b960,2ec4816f-bf81-47bf-946d-1a80c219bcf7,1,136.05
fe35e0cf-84f2-4ec1-8129-a7c07873ed70,90f8e374-52f3-41ac-b820-dbe9389360db,3,117.9
45da99fa-a0fd-466a-9ca2-a3e5f3307fba,9d0fcb82-acbf-4870-9c84-a8b426ecffd8,1,1150.34
69d91d9a-7797-4471-8c6b-dcd7d6f5892c,af273305-9167-4ef1-aed8-4671a8f1c8bf,1,166.43
17db06d4-b12b-4d6f-bc5c-fb2b62671b03,1eed8ca1-7df8-4398-b110-5d9375b458fc,1,1110.52
47637fce-1e04-4691-ad9e-fac4b0b32dd5,b6c2f421-1117-4d8c-bd4e-d92690101efa,1,627.01
6ba97d3b-b7f1-4c62-8c48-79b0912f8220,958f7286-3f01-4d94-90c5-35e5213babca,1,1722.79
6bd0c00e-ed13-49c9-8481-847126c96dbf,8a0bd0ed-fb5d-47f2-abed-143ed1c04ca8,1,410.4
494190b3-7c5f-4810-a842-1b521106b47c,b600287c-152f-4c5b-b558-c2ec960d3fcf,2,1174.6
946af26f-d61c-440e-918b-0d847acf1734,21135520-9d8f-4fae-84e7-c9ef979e96b3,3,408.35
3cf192c4-912a-4638-93aa-788e61537cb2,92cd1bfe-a472-4699-99be-bcd814e5e128,3,375.61
1c1ae334-22f9-4179-87c1-fc62f15587c5,b68bc1c7-5cd2-4c2f-ab2d-ee40723b9399,1,1531.24
3b6a2133-0b6e-422e-9f25-9173bab2c907,69516784-b292-4c5b-8906-1854431bccb3,2,1638.66
b6f49e97-b286-44be-8159-0c7d36ed7b65,f9404dcf-156e-4c15-9b24-82dbc12e2114,2,276.31
1ee1a3a4-8abf-4fe3-8531-294d0c488188,206ad410-5897-45ee-8ca5-68aab30b7dad,1,1002.77
1806b857-435e-412f-b411-a9fd9760b77d,5c9362e8-9002-41a6-82d1-db35c36e9aaa,3,988.25
9e2a7f17-a69c-4b18-92db-f004d237bdf7,c6a1171a-cd6c-4e73-911c-c0b783eb0f19,1,1171.36
fdc45ecc-203c-4f77-bf66-f7fe6c4b5879,13ccc8c6-d013-48fa-85c3-2f45048c5447,1,146.26
788418ad-cff9-44db-8186-7ae59126d375,6c922bad-b83c-4815-9699-43e84c98e11d,1,1721.25
0969d141-45e6-4c41-bb2c-64c3592b712b,01a5eb6e-2278-4b02-b70e-6dcf7b470957,3,78.01
c4481351-ded5-4a35-9b60-a37c307ecd52,87150b44-ecbd-432c-b6ad-8a9527904ccd,3,906.99
de905e9e-f571-4fa5-925f-55572ca9e7a9,a1f205c6-0f69-4ef3-9652-b832a40606d5,3,1650.64
bcdbdb0f-7064-483b-ba18-2da5d289d588,5c63f1dc-b069-4a23-b3a7-ecd0034465ee,3,1.52
35fdbe38-a908-4e97-8826-d57f4eaed053,681cb1c3-9c33-4af0-88d4-35807288807b,2,512.59
0f79abaa-9864-44ea-8896-78208d530d92,d49bc7d2-feb4-428d-87e7-b5e772072430,3,926.67
3432ef5a-505a-45f6-b977-4da7ba09d25e,5e88ee6b-6a6e-4522-86ed-7c691e189e62,1,441.94
1a51bddb-76db-4985-b953-f87cfe602b73,3cfb4be3-e361-4c06-beee-a5ebbdebaedb,3,1127.43
4595d176-e0ec-412c-b308-51dcb011af0c,3105abee-99f7-43ef-b5de-51b9eb9ccab0,3,978.49
09a3c67c-cacc-4227-9c49-b9ded95d3710,fe5783be-170a-405e-8f88-b055581db96e,1,1995.2
ca3dda49-49a6-4c5f-a69f-1526c277ee22,4d80e9f3-7371-4382-b85c-c527a98edb47,2,1053.13
02311598-ddaf-4c7e-b67d-5dd03d69d9a8,f3844741-fa6e-4f8f-a95e-ca6ab0dfb989,1,286.89
bea75404-8af0-425e-9293-d3e1c20c891b,b67f95c8-0345-4bb2-8732-f9f23b423ae4,1,1398.19
e0c5047c-5181-4e24-974e-d22aca533e31,eb3173dd-4e12-4d16-b72e-6012d5303457,2,796.45
d64e3e07-1671-48e0-8516-1c32ba9113d8,37428cc2-6a46-4fe2-b8e3-22cc9d1dd6c2,3,1579.01
8add59a4-d915-49b5-aa0d-4b13321ac9ce,3817f02d-803b-4ee5-acbf-01e1a530ae0c,3,1417.11
3fed77f4-1252-4b2e-a145-8048672b868b,554e0dd1-cea9-4c1e-a65d-b523f9fecf54,3,702.61
4f3fe7ff-f646-4cdb-b14b-20204dd670d4,3100aed4-551d-4859-9cf3-039a1427f220,2,891.55
7a12ff68-53e1-465a-90b0-d5c379e222e7,ff19b4ae-4795-4dce-8d1d-0e45f2734f46,1,1452.65
f23fc9da-ca45-48eb-87c1-362581511506,4c2889d5-6bca-49ed-b8d7-8bf8bc31b05f,1,1386.86
704c382a-8ddf-4990-853c-c8980b76d204,fbfcdf6f-1746-45a6-94d3-f38eae85435a,2,571.07
05ca7e9f-2b0f-420c-bde9-863838a96dbf,65743bce-585f-448b-b461-0ff6a69fe489,3,1968.14
7b997c26-2d10-4922-9ae6-59de186e74f9,162db83d-3dd4-46ca-9af3-b0eef69362de,1,874.53
65304fb8-8248-4f5d-ae9c-ea4b115c8814,eac83d21-f7fd-4a31-b50d-824f5394d87a,3,1151.23
a7015218-bac3-4951-abcb-d345cca9d7cf,4e62919d-c8b1-4f0e-82a7-4050320a16e0,1,1852.57
0d508493-7427-4e39-87f6-dd8b8794c41d,6827a2e7-6804-4aed-8ff8-78f5946f2222,3,1238.83
cfd4f2d1-441b-4a8b-8cc6-1236b0acb068,47d8e849-8aea-453e-b904-d25fe8cb67d7,3,842.1
12aae865-77af-4ef7-802e-36e6e8ccd731,42707cba-365f-4fdc-966c-d25b50ccdd6f,1,1277.84
209fa301-4b8a-4ba2-a198-508f0607af7b,1375ffe6-3f9c-43fb-9651-d6f9c79989a4,1,306.05
73174e1e-1b0c-44fa-94be-607c1f679b35,de06ff4f-cce7-48ad-8d51-501840104e7a,1,200.32
8cbb9159-ca97-456e-890f-2daeca9558f6,d535e8c2-145c-462f-8fef-bec18527ba76,2,1457.45
6f62643e-a61b-4cdb-820d-8a30c551ab28,c6916e00-b155-4470-bc5e-5765c0a63daf,3,517.57
ab31e1d4-6090-425e-9008-c65054c5168c,3193e4ad-06d7-4e7f-ad63-72d8276e2605,1,592.65
7a69791b-54a9-443a-a059-a62d6bb8fa72,eacd2582-a5c5-439f-b354-1e152a775668,1,1866.83
a6423e02-6ec1-44b3-9560-310fe3155281,e8c871ec-a66c-44ab-a0fa-a9486960d6f7,1,1412.95
8b253f43-8f4d-4128-8bbd-d8249a0ed0fb,18689c5d-91b8-4e23-9d5d-a70e9e95fdbb,1,1603.71
780d1515-6de3-46f7-b665-3d5b58a42a9d,be569544-a6be-417c-b225-04999eaa6130,2,857.02
53ff983b-4160-4e7d-a448-647af8df0e6d,808f5201-09f2-4209-9c1f-94e94ac591f5,1,1929.31
ce6984d8-1282-40fa-86cf-594fbf0fbc90,65b2c33f-af52-4983-93d6-c8a6b3370761,1,357.89
f21db7df-afeb-4e39-8931-e652a85368e9,3cb185a9-e0db-4faa-b3cc-c40599aa9979,3,1667.0
ccba42db-be0b-4557-a563-7029523f8640,f25fcc27-1fc4-437b-b6e7-c4aa76c8411f,2,771.28
c303abd1-059d-4657-a298-d8e624691ae7,ee89add7-af90-4cd4-a8cc-b36451677421,1,1444.43
91632da5-05a9-4bca-a2f5-0661380130b3,339858b0-c465-4680-868b-870a33fbd21a,1,971.37
fb63bee4-1e91-4ade-9eed-9b3b3ad38429,7593826f-1c11-4ed8-8248-98dd7e52edf0,1,731.24
09f963d2-1beb-4e5e-b821-5bd3d8819b2d,716cc79e-d6b8-4387-97a4-b35b6604239b,3,311.97
766de619-0355-4875-9458-df2c7f2598b8,19d90347-1d44-48f7-9fb1-8e4d39ff9897,3,1777.89
056feaa2-0e98-469c-8376-2f8e4ee44e40,94a323e9-b212-45a3-95e3-bd1b6e422f9a,1,922.57
d32d660e-48fc-47ce-96b5-b2211af922c3,1e1a4601-d8da-47c8-ad30-9dd056e40fb0,3,329.2
c120c805-7e0d-4495-877f-6713dc26b5b1,cd6d2aa5-13e5-4f7f-a886-1674f933d009,2,380.98
99f95f3c-8050-4b63-bb2e-9a11fda6d9eb,f5f85ca1-95ae-41d6-a2cb-c4a8255e4ac2,3,1617.06
628f5b0f-91a8-411b-81e7-c5c4008f32ac,d7cbb631-6d38-4d68-95f4-a7b74ef536d5,1,898.29
9afdac62-91d5-4ed2-8bfc-d49d42e84a38,ac69dd6d-4861-451e-b914-0c959aa71b85,2,252.09
618c8625-66bf-4d8a-958b-36aed9cc58b3,cd434eb8-4b75-4783-bf14-5607a2a3b6c9,2,880.16
2872fe17-a739-4496-a9ca-d6f545cbb161,1bd943fe-78fe-4ff3-905e-6d0947f093f2,1,782.0
88a0bf00-dc30-4905-9524-40e666faf927,d95e5bd6-f07f-41fa-ae02-916321648a70,1,700.95
224ef304-aa69-4e2d-8fa2-59c7da10c2c9,d8f4c585-54cf-4844-a089-01c049084fd6,1,1624.06
9975cd5a-a87f-445a-8980-560ee730043a,c51e2cfe-bccc-4ded-b120-f2c7de087150,3,1346.73
68f95704-c75b-49fc-9e1a-5ffee7b11211,2dfec6e1-3ef9-4a17-8767-e0a136027da8,2,455.97
3d3acf78-7df3-4f64-94a7-f63eab4ecb16,37afa5c1-527a-403e-81f3-27160b312a2f,3,1605.57
97408dfc-6c6c-4152-9a9a-2021b6b91243,5520334c-472a-46b7-a4fd-c0ff7ad2d81b,1,1222.3
4dd776ef-7ea6-42d6-ad5a-9d2d0a0bde16,bcf0ad59-dbe2-4807-922b-93b9b84dbe9b,2,59.73
9ab82b86-0b29-4fd8-9bab-1004eea8b314,eba821b7-3b90-43ca-9a58-2c711fb1b18f,1,362.77
2a28e76c-23cd-47ac-adb0-36dc9da16d97,0791c933-cb43-46f6-a093-afee4d5dc194,1,419.14
fe02429c-24a8-4692-a5ed-30579ef66419,02f258e6-f634-41ab-ba8f-6cc19e974109,2,1143.56
d64b58f7-bd9f-4555-b2fb-d5b842bd37e1,2f415405-e102-44f9-a2a4-864948c4bd22,2,739.19
4c8c6716-d2a8-41a1-b8bf-8eec1aef55d1,dcb05417-aec7-4502-ab62-c64cb8374077,2,1614.99
0f4df385-b7d0-476f-9f07-b955ccf7826d,c6603cd3-6ff7-43ea-9ef2-d92ace4435c6,2,1447.23
ec246d94-d3d4-452e-8adf-b92f6892ac53,e09f6bd3-4fcf-40d3-9a2c-9cb8db6fbcee,3,1027.1
168bbb8b-20f6-46fb-9b64-f82285203357,db0fe86b-9ed9-419a-9a63-0fc68ea9195b,2,571.69
81d7ef7f-f6e4-41cd-acce-b70331a32bf0,0ae7cd87-ca52-4e37-b0bd-cb79fad4d807,2,142.44
87d2669e-ce9b-4bb6-82ab-0ab9876028d7,18aec6f9-2360-4066-93a9-d7e0979ad969,1,811.24
cb871884-6894-4c16-bbee-d48a8f2b6db0,43233158-87be-4f1e-8a2f-c7eb4a6e0a5f,2,1402.19
2f39dd6c-1416-4ea2-97e3-d94e91ff2b53,a6e1b1ab-1323-45e5-ba8c-2ef80e0850c0,1,35.78
5c0e8050-08d2-4943-bca0-4244048851e0,aa3d5d51-d84d-4e05-803a-6814a9264e4e,2,1615.54
5fa73453-c57a-4b83-ad8f-5c990655506b,761e3267-5e6a-4d12-b437-899c73d82650,2,817.55
ba3cb411-6af3-489a-a511-707f62ed4f98,599d99ea-560f-4fdb-ad4a-0d5a89f5b667,2,152.68
786bd8c0-c14e-4246-94df-1e8e0fa2ec69,89ecc8f9-a88d-4d95-ab8d-4eca085b5229,1,152.37
5a71cddf-ed5f-4d32-a94b-2e5fd025a24d,284571fd-89a6-401d-83c2-40e5ca569c89,1,1516.96
074bd0e5-3acf-4413-a9d9-65335a4f769a,555a93fc-e3f6-40d6-b074-c453ec5a2513,1,1889.99
6189a7d2-c646-4245-920a-38f1e385ca7d,b759ab7d-7c87-46da-b5f5-cfeb92a8bc48,2,729.98
47c3c631-81df-4918-9880-d395b9162cf6,e06b4d01-5b17-4d8d-8d5f-37f38db3835e,1,1312.66
f9c969e0-b9d0-4962-80c7-0c02919d75da,b7b9892a-f6ca-43ae-b3cb-330a2cb9ead0,1,561.69
e6e07f58-9f58-47d6-9bc0-8f1b20ffc2cb,b309a1f3-d9e1-498b-80fa-af15549346e7,1,225.36
3bd8db04-91d0-436b-813e-fad511d23fd7,27c9cbb3-6f63-406c-a8a2-e07730fe2a10,3,173.03
e63abd97-7200-4473-8214-3d4167cb1039,b3756150-70ed-4522-a2f8-a7d0b515080a,1,1571.83
e4393c71-041b-4c96-9164-bee159419a83,6be2715d-1f45-4c03-a1f6-4bd9e7922fcd,1,1360.51
86092d42-8b16-424f-a698-62a7004e17fd,ecae4a0a-66b9-4b92-9109-c1ac02f09ded,3,1554.39
61aec0e5-3690-4f1e-834f-eb462ebd3645,3531b33f-4e8f-4d2a-a874-426680fb92a0,3,328.4
7da2ef65-4c7f-43d7-87ec-a789dd2b088b,03f82bc1-27d7-457a-b4c5-8fbc21bf91ad,1,1817.52
0cca9483-1d50-454f-b2a5-e2829a307354,2993d154-0d97-4f30-b61f-a4d28a3aa701,2,1475.59
c910f6eb-1289-4851-a867-8bbf1e947a6f,4bd5b699-193c-4881-81a4-d369bc511212,1,878.99
c2519f4e-1a00-4d81-952e-499d71ad1903,6df59b19-4987-4619-8023-a49d07e567b1,1,285.77
dac10fe3-e575-4306-b788-b7aab5063513,161b46f6-8372-4655-8e5f-0327f9a5949d,2,319.32
4beffeb7-5528-4549-80d2-c413be08a405,2d770aba-f35b-4906-8c6e-24a167b0950b,1,992.9
b481f7d2-146d-4f60-b8be-cab1ef69f2b3,ad2771fa-9d5f-4c3b-918b-9c0149780dc1,1,272.21
030e8afe-b0da-4bac-a3a4-1fa41455d571,50bdaab1-7885-49b1-9f10-54a6a83c36b3,2,1583.48
c462a0bc-cf8b-4d35-b1e4-ceca448af25e,bf2e0a7f-a632-465e-9218-1fb792131c8b,1,271.4
3e920fdc-7a4c-42e4-ac93-a17180421d58,3065e5a4-bcc4-4aae-ae24-9dcb08102bcd,1,1439.3
41830f1a-0f88-4ed9-a06f-ea9182815720,04d13a8b-640f-4e4c-a8e6-357190232208,3,1284.45
f8440c6c-e24f-4b5f-98ab-034a2d8718c2,5b2478ce-5068-4d8d-b993-3bd4744be3be,1,1336.89
2f8d36cb-691e-45b1-8790-df45e3995ab6,cae68a2a-7691-4ab2-b38d-6afe2517a038,2,1487.38
c2181cd7-1b8f-4c84-8cf4-ed31f295411b,08d25e6f-7def-4144-a77d-500c1e036402,2,1323.7
06e0b165-d8ab-4e8d-add6-bffb1eebd5c5,eed3c16d-95db-47fe-8f27-b8a713ef7632,2,1568.91
fbc24318-05bb-4aca-a052-c44d0cf82f1b,81bf9193-2597-4f39-bcc4-eb80207f6033,2,1874.24
7a7182ce-5be2-4176-9ba8-3dfb899a0114,7bb5f231-c231-4c65-a010-13d8652889a0,2,1850.89
13f1ca55-31fc-478e-9f28-e225b21da863,24597ed0-e572-4a0f-9cbe-0af0fb637bdb,2,1467.7
8b06d113-8206-49b5-be47-67b9e239acae,7294ab99-a2e0-44e2-af7e-8d9fea931578,3,1169.58
8ca91a57-c520-42c7-adff-82aaae98e78a,745ab11c-b4c1-4e2b-8983-ed9a21b337b6,1,94.88
b51ee86f-0bab-4fb5-a55b-a7276f49953b,e0f20fc6-86f5-4894-8ca0-95462bf1669c,2,867.64
4c3c960b-2fea-4fc9-be47-bb959e8b37c9,3c7a88bb-c14b-4c48-bafe-3859a99094a2,3,1035.02
54236427-b27c-42c8-b3ec-7bece7f0d58d,41fd578e-eac8-4c15-bdac-616a9cec0a9e,2,1642.11
9f5e6972-7daa-4d70-aa15-62f7a4fcef9b,d633ee55-b940-40d4-b27f-b5869116f14a,2,819.75
92487dfd-fce6-455d-ae91-00890eb76681,c90a7f7c-146e-4567-9ee1-98fdb72195e5,3,704.11
afc31dc0-3dbc-4d26-8e06-9de201fd93b0,49a4e1b9-fc76-4167-a6d4-a6a10b044913,2,1069.68
dc8fe810-8c43-4538-9f30-ad75d306b6bf,213a3e61-68f4-480d-8af3-b38b82b8c174,1,1782.92
ff93d2df-a0b4-4a3f-bef2-fe3ca09d61a5,e08d6a3e-9b5c-4320-80b2-afe7a95a8dbd,2,243.53
1acf8a3a-36d9-4adb-bafb-f4f04fd99c44,838c1a65-e871-4a90-86d6-e11a87b02d98,2,1352.15
d96a24a8-ac94-4455-892f-5f8ef45190ca,7df642c2-7db1-4a56-b8d3-0c4563b4595d,3,679.93
e3bca94d-7649-4d92-9ae2-349e337edd69,141af534-e716-45f0-b549-f95fa248306f,1,41.57
ef45530b-f296-4b6e-97b2-54e8187f307e,c42d2e73-936f-4604-b81d-13e622fa3817,2,1424.76
ee56a307-4af5-485e-b178-f215b362df77,901f635c-74c2-4517-9762-7d27b848e06a,2,1846.45
a6e5a5a0-538f-40f0-a7bc-cdb84a14ddb9,69be3d1c-e220-496d-b059-a6152dd225a9,2,1610.97
83ce5b9d-5728-46fb-8d6f-57eb7fa45f56,7648dbea-f136-44e1-a31d-a08d61a6144b,1,808.07
91444d60-7a4c-44e4-8591-d6dcd89f9c4f,fe02a9f7-41bc-40fc-9367-0aedc356023d,1,1084.51
5adbd9ea-518e-4600-8c4e-f04f497e77b1,ee4fe3c5-8f01-4207-b9ef-6871f84bd700,1,987.0
1c1ba39e-e9d8-44fc-8fff-5fa090a20fd1,1bcb0c3f-eb1e-4d00-a60c-a6c316da09e0,2,1079.59
323c9662-60e9-4cd6-8ff4-c434de969d77,91736b68-4bad-49dd-b6dc-3fc2f828f490,1,1562.3
db50ec5f-8650-431d-8430-859c882f322e,f32631fb-49ea-4b3e-8613-7cebdcde0e91,2,1083.55
51289d5c-7b91-46f5-ba37-ffb7c1749a10,37738dac-f100-48c7-b0bd-b4b7eab437d2,2,250.64
bea4aa77-3860-4589-b57c-f56b267739a6,e323cd57-8aeb-4e00-a653-17e6795064fa,1,1535.74
5da5b7e1-b801-4fa3-89be-535772721f7e,3fe8ddc2-54fb-420c-8cbf-d5b716ce7e78,1,486.41
6a3a269d-efab-461d-9de8-49c04e13eb86,1f0df66d-038a-4c00-b98d-49524f5263a8,2,1132.85
b736adef-72a8-4b45-b167-f149f2c72d38,05556cd9-80af-484c-8c6f-1557084ef4a6,3,959.31
18efd96f-f00a-4e13-b45e-b90dabcb8a39,43bf8ba3-f9e2-4d50-991d-5a7e958c0f44,3,1309.69
f4d31c71-16b2-4522-b076-cb2bd5259895,21d2b2bc-3240-4a3c-bb56-38d84f27c284,1,1339.54
3bd28080-7d93-4ca6-b31d-e92b5a773691,78f5a696-709b-4f99-ad26-c4c0a1ae0efc,2,1425.07
94e9c2cd-322a-4fe6-af3c-2d699236d531,fbb77914-137e-48f6-8c7e-d974dad96950,1,139.06
9397fe9b-9a48-42cb-8bdd-e7e292b9ffcd,32daf10f-7962-4aa9-afb5-416829b4e820,2,1215.97
c8f1da8e-6031-446d-9b8f-e3c973740c4d,e0142a10-c530-416e-91b3-f64190eb6e82,3,1992.07
53156664-83ec-4d96-95f5-877ab62f207f,ce0bb916-9c70-476b-b197-301bc53f9290,1,1459.81
ad86cfb5-fecf-46dd-8a3f-3262fcf52ca4,b03c8173-fb0f-42d8-981a-2a899740771e,2,692.21
0f6cea2d-0fe9-4939-9658-5bd11ef30b6c,d3b8fd9d-1642-4372-9a2f-d7ad9ad2955a,2,1174.79
ba06c5da-f67b-4dbe-b275-dc5a45b2ade8,e9be7763-796f-43e5-9eef-f1cf61bedec7,2,557.83
af10a4de-54c0-450f-8f40-9fb7ac026222,26e7fe2a-f156-4d22-996d-3584f83512e2,1,395.95
6fd635e9-14ca-484e-a599-c05042aa83b5,161d9aac-9d74-4c80-bc31-31dcc48c2322,3,16.92
57efde2a-66fa-4592-b702-0e38a2f4eaf5,74acc36b-40f3-4834-980e-1dc5fb63471b,3,1837.29
d0cb5ad1-f17f-4f71-a20d-a8c35de2f76c,61ae5b20-31dc-4447-b739-a028ed8d63b1,3,477.98
32156756-cc2a-46e0-907e-c384c87db46e,4b6bda07-25d3-4182-8f8b-b755c5e14ed0,2,287.13
f0117303-7453-4a0b-913c-ba95a608cf6b,01112a90-01aa-4f7b-ab00-c02fc2aad885,1,894.01
4647f3f9-1fd1-4974-aad6-851c3d10c37f,907e94dc-9412-4be5-a241-d589606b2a92,2,453.96
0c91c3f9-9ba5-44d5-8f21-015c8d0b9488,1b50f3b4-f7ba-4a56-b697-b03fe58e78ee,3,1394.14
49636a0b-4f91-4b5b-b787-93ff979c4f1c,c23d59df-74bb-4919-be34-a8a54479fed7,2,890.62
679bdb40-899b-4501-ae93-74e602427333,371130a7-4dff-42a3-a7df-59d566f6eb5e,2,1004.54
cb006b19-6209-40db-81ec-4cef3a5715eb,8987a3cf-1618-42a2-9cc8-9b45fd3dfa8f,1,1643.36
63676842-593e-4ed9-a04d-39226874e7c1,2466116c-b8b7-4172-b7a4-b620e03a180e,1,117.62
25e77f6d-7639-4e2b-b8dc-697fb3b3bc11,ec56dc92-c242-46b1-89ed-f14d345bf470,2,1849.88
6a3fde67-07df-44f1-bfa4-453441a0f153,5feacdf8-d1d6-4782-b043-f9e089fdaac1,2,1059.79
f31cd442-7359-402a-87da-ea7041914c4e,3ecd8713-5850-44a1-84c7-b5969e4f1f19,2,1589.08
921c15af-d937-408b-ac93-23546d87f576,88251273-be4d-4c70-9c8f-b3e2af0b6322,2,1488.83
35080ac1-bf97-4866-a5b8-53da1b7a7134,7557fcac-54f7-42f0-89d7-0c215ad3a448,3,759.23
3bdaa785-9e73-4d0f-8e4a-65d207a09f58,ce11d7c0-a61e-49de-8476-931c8aefe2f5,1,135.66
135311a0-3b75-4812-b385-b8afc3ff09dd,5ed724e6-b386-4ddb-bdd3-3f844ef1ff82,2,561.01
78f49a35-d512-4091-aa26-81b0b8b08377,30162b7d-5821-4af7-93d5-579f663cd9e1,3,41.13
9a0ab6ab-baf6-4469-828c-fb4834ce3bec,f672084c-3455-4a91-8197-c6976a95c57d,2,1574.27
00bc7ecb-3898-427e-bf34-dbe83678c2d0,eecdbca7-04bc-44ce-8997-6e15695d3177,2,1552.78
ddeb7c2d-3241-439e-b80e-bef4d3cf9e06,eb821cc8-5c26-4ce5-bf09-adf1d1f61360,2,216.05
d0b8a647-ab82-43a2-bbf3-fa7097bbd7f7,e3f17e9d-1af4-4df7-a532-27ed846b655c,3,825.78
cc7dba0a-1f64-4b5e-8f8f-e6974d11610a,0b12d939-35e8-4fce-baf1-f463e0d44ea3,1,894.56
cf38b8ce-4441-422d-8155-d71ee801a266,7a9f9bdf-3761-41fd-9320-1d5aa3059ab9,3,32.31
539d4c95-5ad3-43c5-9acf-ae802cc812aa,bc555880-653e-43da-b755-20c182477d21,2,59.3
e4a9ae56-f981-4089-bea1-1cad240c2e1c,52cc1e32-65bd-49aa-9051-069846efd0e7,3,2.74
d5ae5757-d784-455c-a211-8d0bcefce91e,7deefc19-7b6b-49f9-a1a9-c9c5223721b8,1,617.67
1325d107-18a5-4598-97bc-547d2f87f041,6bbf67fe-3136-4fcb-bbcb-8daef991406d,1,1065.01
4e5eeda0-13cc-468b-8202-16bbb69b2a90,28066006-4f5a-40ab-bc07-636466df4277,1,819.95
f2f0de47-5686-4114-8c07-41a75d726785,7183f1cd-8dd1-4105-8582-9a7cc6bf38da,1,1678.95
9dbcf213-80a3-41c0-89ed-9067edb16ea3,8c4bd7ea-6da7-45f3-9f61-1800aaa6aa8e,1,140.76
76bc61e1-b455-4f91-85ef-f49db8fe42e8,e0f776b7-f11a-417d-83dc-6d0d07ef8a05,1,1823.53
2d4915b6-b881-4652-8076-c629814bcbf6,6b6e8a1b-509c-4339-b2ea-abc57b1c8fc6,2,106.71
07af73cb-56df-4e1a-ab4e-f989fcc5246b,e7e30bcb-7e38-4924-bdf1-948d040803dc,1,399.53
28ca4fa4-eda4-4479-88fc-2c11e4df5acb,dfcf1aa9-e864-4b43-8668-90ace7763396,2,1167.55
92d6f4e0-0d5d-4e6b-a48a-8da3ac5d1ec1,545d3a49-117b-430b-baf2-ff50dc3aeb93,2,496.79
0870d4b3-14b0-4eb5-b87c-9d127e8ae726,095e3db7-5800-4108-aa08-822f8159c773,3,1879.42
5dc2298f-fcae-456d-b0c3-4961516bad67,53d4c60f-9edb-4476-9f45-5dcde25b6f5b,1,1607.98
fc5af66d-775b-46ec-a112-cefaa85ef38e,c30f0839-41f9-447c-9130-039d444928d7,3,1913.83
4d3228d7-ab99-4214-8563-68673c4e9046,517a8832-7885-4a63-b680-a0ae5b755d11,2,1565.09
56218d3a-dc7a-454a-aa80-2063d8052cf9,4758cce4-4347-406b-970f-c0695a055527,3,1214.65
826c5871-a23c-4a97-9c3f-0755e0be6b8c,acbaf276-ef2a-437e-920f-65d4a4a1d36e,2,1890.04
d5b5e84c-c73e-41ee-b870-6f781d4d4f48,033b617b-54b9-4ae5-b4b4-a72dd5a5afa1,2,1785.84
c9b7059c-cee1-4d07-8c4f-cba01d997f27,458c268e-c0ed-46d3-a458-7d89c264ec6f,3,1445.53
61bea311-5b71-4b75-9043-627556fb5d57,b67c34fa-32f7-4499-ab52-7533076d4c14,3,612.46
3cfb36ff-b9e6-4580-82dc-ceaf0ee3cf70,0ee183d7-b0a6-4e9a-8397-827ff5b31c5d,1,168.29
8dfe241c-30b1-425e-adef-beebdf253c92,53199d9b-1142-4ba3-a19a-c27c15c7975d,1,314.91
95147cba-c60a-4928-89dd-9d2ff0e780ca,d5bf9593-1a7e-4b21-93f2-9868b296dd6c,1,1962.44
2ccbc384-1f08-4084-a879-fa1603c560a9,0a12c078-0320-4181-ac3b-5259c8afa2a6,2,1350.12
e87f49e5-ceb5-4f3a-8e2e-324079a76301,095b7580-c195-4039-913e-f38450d3d5f3,1,394.74
e795b90f-5335-4b50-ab8b-234cbe2924b6,72902fe7-1d10-4a44-9fe0-655fe5fe90c2,2,1982.08
189657cf-4c84-461b-a160-221941dfc2a5,8e0e90ad-45e0-45a4-aac6-e6410c46374c,3,787.4
7d82ff77-75a2-4789-aa53-213398835133,6cf40755-1ca1-4ba8-82e7-1d9becc6eb33,1,1333.58
f573c41d-2434-4623-92a8-abe79cb83311,784f4b8f-5394-4828-919e-2f367e7c7494,3,451.11
0338e21e-c39a-4f9b-b0c0-0951e851366e,c52e5c8c-7e74-44b2-887e-2dbd1f2ffd66,3,1344.78
a647be3d-bc05-4988-9a02-3a888a4ef773,51924a51-4517-40cb-87dd-9e193e618a7e,2,1203.95
e7fcf866-766f-4493-8c7b-c57b1f98c637,3cc37782-4019-4b42-bd0d-903d9b9e8d75,1,856.03
a430e3ed-52f7-4b1d-81a1-aeb13c12d213,dca48a49-60a6-4c6a-b17c-a1ec49267811,3,1086.98
a007c824-2897-43b2-a84c-c44d8b342300,d24b8587-c654-4846-b074-90aedee59832,3,1929.88
e7e32f9b-ed5f-42f6-8d93-63c7a6dab5e4,3c6f4283-f839-4f28-8b94-4718e0696602,2,1302.92
da4d4ccc-7322-4bec-9ca6-d8e2c08ede5d,00ba7d29-6373-4587-9e62-3dcfb8ed03aa,2,1828.6
d4102e7d-ee50-4b29-8049-59ea24851a02,c55f1e30-858b-4c50-8eb9-f4f0a5c97923,1,68.09
b0ec7579-39a2-4885-8017-e52422a9f958,7502b4f5-4d69-4607-b627-25977c4c6898,3,802.46
56109057-c636-440f-89a1-64ae4a98cd29,d644c382-21c6-45d7-862a-ea8c00fdb2e9,3,1773.12
8aa85509-dbf6-4f9e-8d7c-50137042c04b,c0490b83-0fc2-4373-b325-4f756bc3a78b,3,601.59
fd193ca5-250f-447a-b38a-9c2a99636ee7,96be65fc-a208-4f56-b172-1d6072b774f9,3,850.77
a9959f21-a580-4c98-a958-44ca62481836,b78cbec7-5ba4-459d-9f72-2ebdafc87871,3,1038.24
7f826857-4949-4e11-9e2e-ec6f8d89c4c9,854efe79-8f6f-4b0e-b8a2-0121321668d3,3,1183.1
7f146e78-3961-49ce-bb7a-e73d3893df20,cafd536a-dec3-4d68-b8aa-cd11a89d979f,2,1859.71
5b87e079-6ef8-410c-9913-361c9ae37a87,35634cd2-972c-4512-ab5b-9f0582b9f983,2,83.86
d6ba271c-c279-4846-8074-d98556218a90,3d6fe518-e1b4-4ca6-80b1-07b0d0df9d38,1,669.86
1163f40b-bcda-49f8-a852-0f3b28bf1631,968f4cb1-9a18-4808-9587-022e2fd4787e,2,1008.67
5009e459-dfec-412e-a8c5-af3fb818ea01,ca9e6885-0491-47c8-8a4e-d6d51239d6e0,3,629.77
51fe85b5-c56c-483d-906e-79946b8b8e9c,92ceab8f-1981-4935-8e56-fbaef939d432,3,1364.91
cb068951-a519-43d5-90f1-89cb4fb61b3d,f3bd1f8f-cb0c-43df-8d20-e8a41a211dcf,3,1693.72
89c201e7-7c4b-470c-9a9c-a71c16f51d97,7e7dbfa0-502a-4ea9-bc9b-ddaee1ba9d82,1,568.31
7983dccc-a787-4859-9104-03935a1cb3a7,a32ef301-0d31-4e7c-8fce-bbe63c5c7e1c,2,1195.17
55feeea6-c3fa-4b3d-82ba-5bb6944dd71f,797d91b7-5092-4488-92d3-23265fec59a8,2,15.22
3db18b09-e0ff-4df8-8278-d2a31d0d27bd,e7f9db20-7194-4d10-a822-2ecb3a0f55d1,3,1839.7
98c2fa0a-6e71-47bf-82c9-0be850bfb229,fd8c160e-d8af-4f1c-aa35-197d1ce21c64,2,186.57
4c424036-0491-41c7-9e69-d0a49551c64e,86347b0c-a148-4411-85fa-0e59f0de0268,1,46.99
1b755301-9b06-4233-9103-a8a68513b8e0,1bd8c543-14a4-45e7-b92f-38426d112856,2,1214.63
c2537fb1-bd8f-4923-a173-fa843ec59e6c,8e24374a-e077-4038-96c7-2f0418d9a3f0,2,856.29
732b0263-83b7-44ec-80ea-03aa15c5e921,f4587a04-25dd-436d-bd22-ed1a6f53eade,3,1733.34
f6702de7-6a50-4a6e-99ef-c115bbc0dd23,2fe2000c-ee69-4c5a-8e11-50a05e07850b,2,617.77
91a188b1-4c48-4e34-b038-f91462932c6d,9c4bf115-eb18-4ff7-9a5d-7ef9fb70169b,2,1899.05
0b4d0da1-f809-4adf-bc6a-5807924b8416,8ea6b1c3-60ec-41e4-b099-e6a8f7f70302,2,233.58
2eec9aca-68b1-493f-8f48-62d359fdc98d,6e23ff9b-b8dd-449c-b020-e2be5276e0bd,2,1237.19
0d75d2c6-5803-411c-8dba-d985e26545c3,ec48d400-18da-4ada-8f35-801edcb08fc2,3,1185.32
874242ad-96f8-411b-bc08-f280bfd742dd,cc98e99b-9540-447c-bdea-168808de2c43,1,146.56
5689d1f0-f100-42cc-9156-18b535f86202,0b98a136-3231-430c-926b-7b128a053193,2,1812.39
bf99f1ee-ced7-4ea7-beb9-8a067ffbbd06,55f3e549-094a-46e4-80b9-099cc70b3519,2,1555.06
f3f78e7d-c478-4ea3-85e8-72b5feff93b3,5d6fb635-416c-43ad-8d36-6904a98e9060,3,196.26
4df22e3d-781d-4ba0-87fc-7c74ad23a752,d5091b52-d777-429c-930a-405576f7f631,1,739.03
5fbc4b79-63a7-4155-b739-1b23b61467f7,205dd19d-7fc4-49ea-b02b-19a6e6b2d46c,3,180.04
52d47a4a-ae86-402f-9fb4-9335167bdeec,16cb0cc1-4935-4358-becf-b29181bf42b1,3,550.44
a381e58d-6cd9-4d57-8d40-3306aaaf08ab,76c34c82-4411-411b-acc6-abd93cf929da,3,835.51
a277f738-dc87-48b8-a45d-02a6992c6fb6,241d50d8-ed21-4e7e-84a7-d244cee9275b,1,397.66
dedeece0-d829-4665-a663-22734ff9eea0,cee76cd9-8595-4cec-b9cd-f977cdf795bb,3,98.93
d39d8ee7-db6e-4418-bd7f-4f7fe355a6a6,dc5da71d-aa7e-462e-aee6-d39678ca4688,1,1484.85
d12ac9c8-c8d9-43fd-a0e5-b2bf9967870d,2bbf6cf4-402a-46e1-ae84-06c1cc745233,2,1946.41
7879537b-0b11-4a25-9460-e8f1bb1cfb28,2b9e3f66-d099-4577-b88b-de80c2631f82,3,1712.81
7a704c8b-8339-42b2-8bf5-eb34943fd69c,66104bfd-ca79-4196-910f-5a9563eff794,2,382.67
b914571a-e77f-4007-9ca2-328736114065,d2dcafa6-ce13-4642-9cf0-717d4c419827,1,1014.24
bff49831-c4d0-4a02-9620-ff064d8bf92a,b0bc2362-0fe4-49ad-bdee-4230f1e2b3d4,3,962.46
6a834432-fbe0-441d-9704-7a591dfa97f5,49e33bbe-3cf6-422b-85bc-9c80f3074f82,3,1525.7
783fd524-fa6d-4bd3-90aa-477d809ca488,767e5c57-2392-403d-a255-0e05794e575b,3,55.96
c0a83e3f-be89-45a7-ae2d-8f78967b1475,b5be019c-1527-47b1-b842-5429b2132a87,1,1108.03
0be58a9f-60c8-4ef2-b1e4-eca4493caca1,f6678f53-62cd-46be-a5c5-ebf05e506644,1,1577.45
286f4620-7f27-4c01-83be-232ebdb9a9be,301ad271-0839-4649-9d17-aca905c1de1f,2,914.69
bb20e9e2-5154-4e20-9afb-117c2fd8ea8a,29d98446-116a-49f4-acf2-4119b487ad3b,1,1306.05
73fbcd9f-51a5-4a28-99ca-0b9f2836a49a,672d01e3-8cd7-4399-a721-5529c2485d8f,1,1032.45
7dac368a-6e25-409a-8358-4f1c51f88681,12b5fff1-d0e1-4603-9ffb-e8b9a7be7f44,2,472.9
d34bdee2-3075-4df6-af89-efa7d26f0fa5,fd0d0279-d713-4336-9952-a3887578365b,3,1400.93
86a3d532-b985-4a61-a01f-d4c616cfcc64,550c4f91-566e-410e-96c5-8d3453d77e03,1,1719.54
04f2ae3c-7d28-438f-873e-6fbd8fdd9de0,94660bdc-b611-4c15-8c61-9e17d2972bd4,3,373.78
9ce12668-6eaf-46a1-805f-235181b129d5,01dfa625-dc65-41ed-98c7-de9b16f8824f,3,675.87
42cc2408-4e65-4708-aff8-0203210d3350,cb6d39dd-9824-42e2-9dea-f47a9d48eed5,1,1073.74
f83fcbea-a772-4178-b86a-508ff6fd5db8,e39d72cb-351d-496a-8988-656f52da3e45,2,817.02
c7845f3e-91ef-44b5-b226-bac21282dd83,76c13ddc-b5e0-4cf0-b537-48bfd158aa74,3,742.87
234fb5c8-cd02-49ef-9814-bfc7baa1dcb3,5715237e-b4f4-4ba6-bd36-81d94ef8b555,3,726.6
3b6eb56a-97a2-40e0-984a-3416560735ae,eb5e2cf2-1d00-49af-b3fd-b4cb3198ec95,1,1640.2
699ac7a0-d4ee-45cc-b5f2-ab3875598be1,1fdfb455-5f80-43a6-8df0-65df03cdea12,2,585.27
67c59fa5-6f13-4088-9093-5967352974f7,0438786b-ec01-4514-8f36-8bcb3e7d32b4,1,69.97
fb0753e4-1447-4aa7-8adf-c9c919e0f057,91f7a01c-11e7-4a82-92a7-c8aacb2e125e,2,422.96
e4f24145-c22d-4fb5-9025-41d95fcfebcf,b97e95d6-f87e-4878-aa61-e81bc8595fde,2,1051.18
5b55a061-d1db-48e9-95c6-66b4cd0462fd,f829308d-fdc6-471f-ba4e-8a92d2698741,3,1067.08
e2d51fb1-84ca-4b08-b941-559bd9b97343,9780e077-ae97-44e9-9d3d-6d1a92fe3948,2,1561.01
7972b5b8-2bd2-4b85-9f6c-739596c42c42,4c397c69-42ed-4c18-bb8b-01d46d052fda,2,1287.44
bac6d989-f7dd-4272-a5d5-1e9adc789264,dad4d7b6-4508-44fc-8b3a-b4a24b9fb954,2,1867.04
372c95e5-1655-45d5-9c65-a77c2fb8d32a,4a55349e-46ec-4332-9883-60bb9abc44c5,2,1515.18
6920dd30-3eef-4f96-ac1a-65521ad9d925,8a11167f-782b-496d-b0c7-eb3f7c32c16f,1,1465.04
70c5996f-74a8-4f67-a391-166c33b6745d,1caa04ad-2523-41ee-8fe1-6c6badc94a84,1,138.23
b2eb10bb-3bd8-435a-af8e-1d11e7f3083a,62cc0976-d684-4e1e-9a80-b2d1ddaf1216,3,1649.8
b5391178-1e1f-48f7-bab8-971ae77e703a,6ebb3934-5051-4fd4-9932-b48356532d7e,3,1392.07
42de8259-d0ea-49a2-9bae-1b3e5f38f87f,076cb4e2-3764-41a7-9371-ef6563017069,1,898.18
ad16b8b8-82ab-4d3d-b5e1-4a19aa1538b4,18dcdd52-cb3a-4beb-90a8-51cb4d0fd1e1,1,678.58
e617ec29-d537-489f-aee3-b7c394e3c60a,a927bd6a-0994-4cd5-9a30-7f057534a430,2,1155.69
9cc2abf7-9934-499a-8002-bee78e24c28b,017daaa7-01d8-425e-954b-9e5a7bb7cccd,3,1639.56
c8543ffb-6498-44ed-9314-35bfca4fce54,826d74bd-c1c5-4182-bb27-244a3ea11d0a,1,1209.11
f4048042-29f4-4a4c-97df-49f1adefebb6,f338c079-112b-42db-b368-84ac08d2f036,2,1606.57
e5981d88-d41b-4fd7-a1d4-1fc998b2d82e,b4d15f35-8367-414f-ba4e-2d26a5ebc8fa,3,824.89
5966621b-5947-4257-acc7-8a73d41ed4b4,cc74d341-02d2-42c1-89d5-f6bdafb52a57,1,923.69
ab586deb-3efa-4059-8daf-c3e8ff5216be,b3cca5d4-9c0e-4f33-8278-84640f7ca396,3,933.28
fac0e7d4-9bd3-4fc9-9e75-f6493bf84986,c7f82200-bb4e-4b8a-88c5-d8a697bc15d2,1,1988.94
ee58040d-8d4a-4b38-8dac-6f2ebca1ea53,77558ba0-16cc-450d-af49-983693f1c01d,2,1290.73
d21e574d-5f7e-4815-a0a1-dd9c554284ab,addd3e84-e424-4088-ace7-ebebbfe910c8,1,1561.0
26ed68b5-4296-47bb-8a99-3ccf55d193fa,62de15a8-321b-44ef-b09b-b3c2999bf2bd,2,89.28
705037dc-4704-47e8-9886-91398a7d2c45,7650f5c9-b0d9-44fe-944a-bdacf9b4a7e5,2,46.38
940b5296-84a4-420a-b179-112bbfdce4df,5ee75950-3643-45cd-9399-6bd8d3c974ec,2,690.31
99d7f1e5-2d7e-49a7-9c93-d56819bbea05,5f0e42bd-1940-4d4d-a1f1-9bf78975ddf0,2,1429.73
9657b734-c18e-48ed-bed8-92c426313040,8d010996-a7c5-4c3f-94df-25e4258fb6dd,3,305.66
15935628-98a4-4531-b797-823d85d5bd07,897fe443-6770-415f-a2ee-a7d0e0951183,3,1514.7
f5919ded-1bef-48f3-82e7-85b9afb1d44a,799e8171-1b18-4ca3-8c9f-544f7ab45bae,2,117.55
79e8bcbc-4735-4cb5-b77b-6ac585cf8ea0,0bf03901-529a-4c3a-931e-c7524d0ecd8a,1,1214.31
7d2cbc81-dd62-4eec-9bba-a09cc7f043ec,ef80fea7-54c4-4342-b497-8af8eff135ce,2,1097.06
ad3ac4c1-d94e-4cd9-920b-292b0fd294ec,fecebf09-7e5e-4d24-8ee5-507c0e75ad8f,3,1762.97
10be6711-ac5e-4606-a6bd-0e45043dc801,8609deed-79e4-4042-a44d-61fe63658b90,1,1210.38
8bce1ad9-dbcb-482d-85a9-e1e4014dbe64,bc85646b-be12-4138-8e99-cfa564ae4b78,1,118.01
2f8aed66-9008-4987-80d0-1ceb0545512e,70125a65-27c7-4fca-b094-90dde5442e7a,1,646.26
beec6c03-adff-41db-8e1f-22f05d6463cf,a68df51f-70cc-4a5e-b7a7-47c5cea236a7,2,1874.43
035f7f5d-31a5-4556-9d22-940b2cee5c1f,54ebd507-5a8b-4bd2-a5d9-c2031c26649e,1,1911.29
d1402c92-3093-458c-842a-30ff9deeda8f,fa35b45c-63e8-4fe5-905a-6417b0306598,2,704.88
af831eb9-af50-480a-8119-8dfdbddb7fb5,1b933492-87db-4b8e-b822-8ff51126e84c,2,62.12
2e749717-e24a-4edd-998a-bee810202fe2,ebbf30f6-05ba-45fd-a272-2f51fa0cd6bc,3,248.28
53b459b3-00e0-4d93-b67f-fd39fa6d1e32,333aecf7-be5e-49d7-ab28-98b1f82e928f,3,1596.22
863397b7-fd5b-4232-9b7e-442589471001,86a4c47c-5a37-45c3-afc5-664b5e76e985,1,1837.55
1ae1a2df-849e-422b-b900-94cd2179fdc7,ab417f1a-0072-4444-ba29-e1ca5b206439,3,1774.76
c765e4a3-e4d2-44aa-8aea-2a02708fbc4f,2cf09df9-4662-41ca-9dc7-c591bd099bc7,3,699.24
8586dba0-8709-419d-b31b-f49a996ae694,ccfcf7dc-823a-4680-872d-481447d28283,1,1838.06
4abce3a5-0203-4376-bc98-2162353e300b,f81a86dd-0377-49a3-84e9-c80443c1e377,2,115.63
d4119055-373b-4c85-b0c9-24186a752142,05afa9b2-fc2b-48c4-aff1-b269e7ff2b47,2,1497.55
e9ba5195-f0c6-467b-8eb5-c9f8beac7bb1,9ad3e6a0-f3e4-454d-b571-5a65139e8953,1,310.41
e113feac-91e5-4350-bd18-b9e66cfd96ff,31b40f66-2345-4032-a4b7-9e12e9d02800,1,1217.73
49b75302-087f-4381-9333-b2c8e150b393,c70b784b-dbc2-45c9-ad65-99d55d387cc0,2,1347.87
4004dc9c-b6d3-4204-9aa1-cefa535e7739,c32638c8-071f-44ff-af27-3731935bdf80,3,1935.79
4783b3f2-0241-47d0-aa55-69b763e32173,9e639b66-4805-4c31-803a-664f91301670,3,69.15
0f1d4f1a-98f2-4ee1-9173-5282ff13cac4,c0e49854-f52a-4a7a-9dc5-70130b590920,2,173.95
e4583dee-4136-458e-9836-3e42ace82b5c,c902affc-74e8-44d6-8c98-c6986196e96c,2,1136.4
6e0b94f6-a6e7-45eb-8980-75cf167796da,b17f4953-43ef-4071-bb83-7ac2fc44f0ec,2,230.0
a2f7ed5d-4f71-447f-873f-7af9b523d8b7,b7d3b0d3-e186-42c1-91a1-fb126f027419,2,1082.15
30b20e9a-1030-4539-8e39-e9655a201041,8f63f607-bc95-4a63-88a2-78382c7af671,2,1032.38
3e193f89-c6be-463b-aca3-c5f3f5dfd6c5,fddc316c-ab1e-4f28-ae36-ea17c5a3d055,1,1722.41
f0781a0f-e8ab-4431-aabd-089e4dd08928,5176c325-8f8b-4672-a4a5-3173cceb4a52,2,86.51
40a1835f-b305-4332-a4bf-6ec5e826a237,74c8ca96-29c4-433b-8687-428ec90cb3af,3,821.71
7e352277-e9ef-42b9-acf6-ac7a8f12972d,52027697-310c-418e-bec8-9f99b386fe59,1,954.3
712e9f94-2930-4e29-8b87-81345f55d10d,4d5bff03-ac71-4a63-b170-b02a69f481f2,3,1670.3
26136341-30b3-4519-9f7a-3c0c3be3ca47,69a4401b-ecdd-4271-a51d-6959de2c0246,3,1400.52
2fe467ac-5b1b-4f21-aebb-8d083d55350f,1fc70b19-f176-4f82-a7bd-31aa91bef930,3,891.19
f0db90f5-9828-489e-a805-72b564d4bde7,733a9f2c-3705-428b-8828-c17c9f86e53c,2,190.0
aa5592dd-9f84-495e-8692-fcd06b5cc962,a79e09c5-c3cd-459d-964f-1a40e2e0eb6b,3,264.5
56c0d590-66e3-4a65-b23c-6978b5a4af82,f8ec307d-5ebb-48b6-a82f-844c9a02d8ae,1,790.52
64dd5513-591c-4bda-a2e9-8ae76d128e7e,bfb4d020-d8e0-474a-a96f-7540a13a8237,1,1633.2
f37a7017-1a18-452f-b2ff-10f274324137,f296a80f-a315-4e6e-8e18-d79bc330f8e8,2,1593.84
7f896c4a-8c34-4b92-a6e7-4bfe74229240,50f60f18-4688-46a9-afd9-7a1e67256c97,3,1337.33
16898d0a-dbfb-4b58-99bb-447267d1230d,1ffcffd8-3827-46e6-8644-14b24f68bec5,2,266.85
0fd93222-43a7-4216-bc10-67642198cc9c,8e1bd67f-9204-4bc4-ab11-f3f2e8e63813,2,426.34
8d4c66e6-09c9-4a58-9a54-9b9eb2cf16aa,3b71597f-bd57-457f-97f2-e87c2238ef3e,3,1874.61
eab7f0ff-1773-45be-aa7c-9cad610f0240,e5222762-aaa9-4018-8d8d-46b54bbf67cf,3,748.2
4f96ce66-5572-4509-af59-029e1c046eaf,104d210c-b6da-47af-ba24-ba7d9166dfa1,3,338.35
34b01fe5-e136-455c-ab82-7d1ebb916523,50a7ef66-e461-4506-9dca-02839c44110c,3,1463.86
ab86a109-161b-4e50-942b-bcb916836c1b,3de116ef-736b-4e96-9f84-30f8d09c4d2d,1,223.41
6a30bbd2-d749-43fb-a72f-de1fac8c430c,7e8dc979-14e2-4a89-b3c4-56c4ee7ff837,2,320.6
861f5015-adfd-46d8-a92a-4a468453dda3,d7eaf802-909d-497c-898b-49f1231cd687,1,138.71
6aba3b54-98dd-4c6a-ad94-b9895fed68d8,ca67c762-3960-49a7-8e9e-48cf32bd4ed5,2,1523.84
e4deb6ec-9a47-43eb-b347-bc357b604f77,c7690272-75ae-427b-9d34-fa99f99d5be0,1,825.5
1b6c1be0-bb22-4338-923b-5e1069325581,46145b1d-a4ba-4837-815b-bebec26fb269,2,600.71
e80f52d1-d532-42ed-812d-315079a987e2,dee3247a-b578-4be0-b771-4aee130e2fe7,3,1383.91
008b613b-a053-4599-8825-482b8c7bed40,d5a888ba-9736-434e-b669-04a348aa1f2a,1,1002.22
9bfacc64-5720-42ea-a88b-df402940d841,e20cada9-2fb3-4d5e-8ad5-a4956c1d8dfc,3,1648.67
b08306fb-b07e-428b-b35b-829e3b0d37b5,fe8cd892-c9e8-483c-a69f-baeeb8c5289f,1,1834.2
5e6a4684-7885-44de-9679-a47577ca84de,4f833052-fa77-42a6-8553-15420c141bd5,2,263.46
1100af82-274a-4576-bc90-7ecce069bd20,1332ffc3-481c-4538-9a60-fdf9abcf949a,1,670.42
6d8f6fd7-da29-4dc1-abdb-39213c4fdc63,83ee5140-8418-4005-9ba5-c819d8e5da04,1,1060.34
b79b6e0d-d981-4dfc-88f3-c410cce52931,72fd461a-1450-4ca5-a173-d280f7200d33,3,328.72
b90a580e-dffd-4f2c-8616-b9c5f6a65bbf,bb993532-e5b4-4411-bfc0-9d0ddc5a1612,3,1404.94
1ab13452-7b5e-47a8-b64d-3f5d0170d234,2e7e9893-d2cb-4029-82cc-0e6179510279,1,739.24
3efc28e6-2aec-42af-b242-3ccd4afac7da,49eeaf10-6252-4213-ac68-2d38b68c3342,2,178.97
9e0447bd-9e4c-4c17-a8f5-895f5aa8b367,8b5dff4c-ac8c-48b9-ba77-2048b6489c96,3,226.49
7fd971aa-14e5-45bb-bed2-571e8ec5d53d,12e47c15-3a16-4b2f-872c-57543f3365ad,1,1375.34
8e1054c1-59d2-4cb8-b9f3-06fecf0b9c03,7cb352ec-26e1-4d31-953b-74e9c0630d1c,2,834.94
80b56633-ab8d-4aa8-af8a-81e1fbf96477,d663db86-a3aa-4072-890d-e13b762477f7,1,52.43
09789907-29f2-4e92-873f-db247a415948,d8369a66-53c1-45aa-a9f7-3ce3464b7403,2,276.69
21a34530-d586-4553-b6cf-464e8e24d162,ad9548e1-b00b-40f1-8ce2-2be2e5a2fe53,1,234.25
4f2af497-913b-4c88-ac27-3f79dfc4d5c9,de593d22-c4a6-4e7d-9184-219ba15776de,2,891.44
b74b105c-fa4a-4ea9-a640-efe76a3be5a3,8ad1612a-cd33-45d2-9385-2837bf3b3ae4,3,1867.49
5068cc40-c56b-4f7e-9ef5-c04662ecf8d7,23d01110-d6f5-46ef-94ce-9b832f120461,1,641.27
86bb1f19-316d-44ce-9e1b-57a887ba7497,c7b983e3-8d1f-4a02-b60b-cd30e85165d7,2,724.1
d72085c3-54e3-4949-8c3e-19adc3c1393e,2c7e2504-d5f0-4822-8b8f-eefaee078c1c,2,1710.22
7371bd91-9022-4147-959a-df2b22bfbdd4,6371a94b-8957-435d-96ee-f807f038c59c,1,1070.55
7bbbee2d-2d8e-4d6c-97eb-caf8b4b4e9f0,502f63b7-531a-4f8f-8cec-0f6180888708,2,208.09
f1462667-0dca-41c7-b37b-bec0aec4d050,e30ae9e4-9704-4787-9203-283b7ca95f69,2,5.5
e14a997c-651e-4aae-9b3e-e5393bf02489,dc954683-7d0b-409e-81b9-8769a5452873,3,1102.79
e7bfdbaf-604f-4cee-98c0-99978bff88e4,842c4494-7882-4400-99b9-a65fbe0a07fb,3,1504.21
7db4beb0-f496-49c0-8e74-f39e2a049f5c,23c06e17-a0cb-4d65-baaa-bead66b4ede8,2,1714.61
5d75f8b7-16e1-4bb5-b0fe-a5292769372a,d7efd4d7-7c33-4896-b42c-3b563f89d314,2,399.28
d6ceca85-e14a-4094-b934-ea6fc14b016b,cc4ba1bd-849c-44c6-9f43-0a80d38c0872,2,1409.54
9d5c0d0c-d69f-42bd-ab25-6e78f38f7f2e,79b20eab-5150-44bf-9552-c4d06edf1f3a,1,136.38
ca484f06-e8b3-40a5-921c-c1818df3b96a,42ea38e8-1319-4d43-9ea5-e1344dab49a1,3,1380.1
9b6d77bb-6c44-4cd6-beee-2c1bcef0756b,a0338284-0250-4661-a3c6-2bb820f7a002,1,618.97
026d8060-15c5-42e9-a64c-82fc3a216ade,eba0685b-a081-49dc-9cb7-efde1da195dd,1,704.67
1696798b-f31e-4573-a9d6-3d92797b9820,04423f6d-2598-4da1-8999-964ed283c5fc,2,749.51
b6064cbc-deaf-41a9-adc5-678497b45e8f,ebd07d54-8f6b-4c84-a94b-5093b0eaee9e,3,205.51
0ee892ad-4ac3-4441-99f6-0cf630e7c884,c0a80e5b-3a03-4356-8f0f-3701b561f102,3,99.72
76e8cf6d-dac1-45d3-8fd0-e15973447603,99f7b12e-9db6-48a2-a749-735d85ebef4b,3,302.21
0bfd6741-c892-419d-bbfd-d2175558d4d9,d697ae86-49b5-4aa1-b213-7ecdddc033bb,2,1196.61
bd525ca2-4bb0-447b-8054-4e2e8f62ca7f,8c98b3c9-c047-473b-bb26-be022f1bb081,3,1226.77
900cfccd-7b08-45ab-b40d-22b77b4e46ef,63529442-3eb7-44cd-ab9a-e0629f7a55b3,2,1665.51
09bbe617-2c44-489a-888f-a8f894bce22b,fc065ceb-c8fd-4ed1-bcc5-d3310fa6b24a,3,948.95
66fd314d-0422-4c9a-928a-6ec3d9eccea0,190bae9f-8bf7-435f-a4fb-36bf493369cc,2,538.21
b55cc1e7-ad24-4b14-93b7-172bb11a1f3a,2564ac23-ff35-4baa-a3b8-0ce3d744231d,3,369.74
5630b4db-a26a-4ffb-a216-3ad15e073a5b,47d0de72-8b1e-4b17-a9dd-3e4f61134374,2,1450.79
ca67c269-0c5d-4e4a-8948-ef8c40b263ab,fd41af71-8cd6-4e14-ade8-961cf683bb34,1,41.16
288d03c6-d264-4195-8fbe-84afff843101,a4555d55-9a58-40b4-b9f0-e8fafe58cea2,1,95.8
8a678082-71fc-4b67-8bc6-72bc5497f654,5522d5a4-7bf8-4e5a-b5bb-28b00fa29c53,1,1196.62
696c0f48-ffaa-4494-820f-234517aa51cb,0930282c-6558-44fa-a0c0-3d6639b34921,2,792.64
6ae7b37d-26f8-4650-9d6b-2a45d47ba2cd,709417f4-083f-48a2-a293-01507dfc24e0,1,495.33
6c84d3a3-2070-4993-8a96-4320607c62c0,28a8cfe3-bc81-483b-9672-fd34eb8bf1f0,2,622.82
6d05bbf7-746e-4fc5-a140-5548d0227450,3b4b02f8-9191-4604-b8f1-e7713d781363,2,1226.5
b4e0c43b-54af-426f-abfe-a40b8d5e63c8,ca22d93a-ee55-4390-b3eb-d3bf38422ae0,3,1786.79
508f5cd9-ce16-488b-a493-dfeab83890c6,69bfe4ca-c3a4-42c3-80ca-f0bf5edae016,3,1747.06
8ea4ff15-3d4a-405b-8f83-3998e7226dab,1d14b127-9e83-4143-ae7c-2acadecab733,3,121.66
0ab90741-ec5b-446d-b3e0-fe275705ae97,397cffa3-3494-466c-bef8-3555b41da35f,1,826.67
d37ee50d-8640-4722-9466-166ea26a3c30,5a0554bb-c339-4265-b845-7cc1dc8992c0,3,955.87
ffb7d041-db1d-46e9-b66d-89c9e427328e,c5e4032b-3cbc-4c90-afd3-107e36b40fa7,3,169.77
cc14132e-9648-4b92-aae3-cb946c319f18,6eee70c0-a699-49b9-bb20-9e80bc5e9139,3,985.3
a5a57d8b-9dc9-4c45-9b6e-209b15e61dd0,edec4653-f370-4a0b-b53b-034dd9f4fd84,1,629.89
74b405fe-dd81-448b-aaaf-c4baef881be0,74cf64b8-31e5-4996-96df-f4aa70780970,1,1617.46
ec435a41-345f-4967-aaeb-33e5271e0401,57852e94-c2d3-4321-bb73-9dfcedf53b89,1,1188.83
d1b14890-737d-4d83-9c9e-4d9b2cc1a58e,9e7bac75-a6bb-4299-9702-42812dc8f4c6,1,1816.59
b53143ea-a7c7-42a4-9527-71098e6078b0,d6604a44-324d-4d16-971b-c0f71f73fbd7,3,373.27
0cd1cb08-9587-47f7-9131-6c0554a86130,8d98cf6f-d8d6-4e21-a7af-291bf0ea4355,3,29.84
65367609-07b2-4638-bd29-ca22ff073632,ebed90ce-2923-4288-ae79-529a0ed9b766,2,1272.07
f07c1335-5d37-4e12-a705-4ab2a95a54fa,ad3f8213-d903-4b0c-addf-80f79c2a1f54,3,173.81
79345f4a-393a-4fcb-8b5a-5de8ec2d17b3,86f39a4c-e76e-4ce9-990d-1132f2ac8670,1,741.87
74fca84e-c09d-421a-b614-61e5935f579a,e7ed2039-f9fe-489b-ac55-952a5039194b,3,804.37
b8817e57-7fc1-4c30-8a7d-73f44bb5f9b4,b218f870-0f4e-4515-9e73-e48d0277e344,2,802.89
7c632359-6cdf-43a9-bc15-2fc279e7eaea,58e754e6-692e-42f0-956a-0f50118d01fb,2,285.57
666f51a0-4f18-4f38-89f0-c615386acafa,18d2c4fd-9faf-4f4f-87c4-c0bf000ecc51,1,1083.23
0efd67a1-f36e-472c-bcf3-a89b60feece9,3de1149e-beac-4477-9662-c4e51a4e228d,3,1334.64
0e048d5c-2838-425f-8464-4d2786cfb697,7493de8f-8c0b-4786-984b-e2a870fd8998,3,183.15
d39f8571-76cf-4834-8a5c-7097c3b5ee22,c0f2cfcd-043b-41af-b574-f66e8a7559fe,1,279.86
d943a8f4-45af-4345-b1d6-a4cf4abcbd10,7402ea5b-557d-4c95-9953-caad62c1cc54,2,1546.71
645eec1d-0951-4a8a-a855-d1ff1f331917,112d35bd-ba3f-4a01-95cc-0e8e22b9849e,3,1636.29
e9705c51-d79a-4a28-8a86-2071f135e2ed,e5b5a21e-ad9e-49ea-8a6b-5b8bb35dccd1,2,163.11
5ddec0f3-b82b-45c4-ba9c-53efbd72aee9,331a9032-c98c-4122-86f5-92bf5bc37edf,1,1335.66
320aabbd-1a4a-4c45-90d8-40b6df63ea05,5131beb8-da57-4732-a7c7-794c818522d9,1,1831.08
81afb0bc-efc2-43c7-a0a7-75a56156b6a7,5a5df59c-b335-4753-b90c-f8308c328278,1,464.84
24284921-0703-47a3-a4df-ee39dad3e9d1,51fabf0f-942e-456a-a0e7-6546002506b7,1,556.53
6383bccc-3473-4c04-9519-5e36ed47efdb,5d55b49a-96e8-42ab-9e0b-b1bfa4e87155,1,1300.58
6f435f61-684e-457d-9ec4-e488a4f103cf,79f99d2e-617f-441e-8db1-61f701d9d11e,1,1281.14
a57fb2ac-a841-45c0-99f7-45d83fe07b21,00e37338-d345-4d29-bb10-a662de250d38,1,1283.6
14419020-74a7-4f5c-9cb2-ca146afa370c,513abe3b-96cd-4020-9230-ef365c2eba4d,1,1342.59
35f6f3dd-8950-453f-aae5-c647f1deb4dd,4499bfac-c6f6-45b8-9fc8-ab8aae825b66,1,6.98
95d93d41-880b-4ebe-b6da-c5d57ec1f750,65ec1089-fa4d-4f28-b7cb-f065a7b65d6f,2,1376.69
841e69cb-a192-45e0-8371-6f5d5e4d1fa8,c2348faf-9792-47ba-a142-83f4fd0ff21a,2,371.65
0972ad5c-e66a-4416-81d5-61215e02fbc1,6ee07501-231f-40b9-82e8-eedcfa411785,2,1086.35
09076cfc-2819-430d-afff-4baba1f5471a,f80a2a52-dfc7-4976-bf74-4727261a8c29,3,571.6
59bf5454-2864-4456-a5cf-dd554152b2a3,b7a2b35a-260b-431a-b863-4b21fcc52fe0,2,1413.64
5595e79f-cb9a-401c-bc40-7ae70e334d19,bdfc5586-b2bd-4ebf-b8c9-2d95fe281dc4,1,853.03
53bbadff-9ab9-4b28-961b-7001c95ad1f0,6fe9e6f7-5f24-4a91-aba3-d6a98c7d35d7,1,1279.81
de3716ec-9923-421e-a973-5ecb6ad54801,ca765b24-4709-43df-b2ea-f50666a182f5,1,745.62
701461a3-07b5-407d-adc2-2a1941191cb7,d6ec2aff-cac8-4b01-bc47-66edc5196aef,3,1898.45
7b83112e-cb5e-46e0-beaa-8cf05481425f,d5dda592-9956-41ac-98af-fce78f02fdb3,1,76.03
28911f3d-0c8c-46c5-b1dc-1100aeef4a17,1bfe0bf7-ead7-415f-b025-97e21f848ade,2,1572.78
470478e5-f9d4-4de9-9a04-903dd8ecabeb,51742d9c-94b9-46af-9de1-46ec468d2363,2,947.16
35bcb505-8d8b-4a26-8f2c-b700c09f5b50,dff9825d-360a-4848-83eb-16210875006a,2,432.51
b29b65b0-6f5f-4d99-b811-0123291fbbe1,9014ecba-2f59-42e3-a8ca-8da387a5abfb,3,1100.91
870a82ed-e634-4a33-a785-b186a9e9980d,179dddc7-d40b-4a57-a024-a3a894ac6d9b,1,1140.51
f7d88e7f-04f1-4a40-b191-d6bf6f832252,15cf67b9-6972-4dab-860c-4ee02f985a1f,2,1270.73
d8ecdb5f-c4b5-4562-80b7-4d06a310e1cb,ca59bf18-6400-4ce1-a859-c66f96fba563,2,1419.33
1ea471b0-4369-41ab-8af0-39c92155d982,0d1d8d4a-6a91-471f-8f4f-f64637882227,3,132.95
4fdfe4c2-fe3b-44f1-a9ca-1b77c4a590d1,7fc778da-2260-420b-a7d1-4a1c8d4b2a5a,3,217.8
54244d9f-3e15-4c61-bf80-b5274e708fa0,08af0a53-0fb2-4a8e-bf23-4c74f104fba5,2,76.53
afa3ca05-b16f-468d-96d6-e918c4503e99,6673bda6-cb8d-4eb8-94ea-b6eb3c090830,1,1729.15
1778c28a-7258-482c-bf3b-d278247d4a8b,c16aa4a0-648e-4e58-8ec4-302782bb9ad8,2,1657.62
d8290790-e05a-4e54-954d-688e0f4df178,968ec6ee-ab07-4514-8d81-d100ce3a94f4,2,1135.57
81229700-1ade-42b1-97d4-0431e4556290,6b0b6633-c976-4968-aec5-dee03fb9f75c,1,481.83
c7dac29e-b052-4259-be00-a9deb38202cc,48e69aa1-d3c2-4b04-9f2f-6c58e129c8a7,3,985.27
4b51a8a2-f5c6-41a1-96b2-a1e124c8354e,881e8b69-c00b-404a-89eb-5d85b1044849,2,17.51
5bd940ef-70f5-4184-894b-a40efafb9d78,84ce395b-7587-4b1a-81da-f0069b1873b7,3,1520.32
2c9704e0-364d-4303-a7b7-3a6809495007,658b8f03-4398-4109-bc46-88e021f82678,2,1045.79
d2eec08d-9608-4730-90d3-14465e167ce1,91c59d33-39f2-450a-90f7-ab141124ba0e,3,134.44
c8879e93-3fe0-4f9c-9941-1670f1d4f7c9,490b873f-0776-44d3-a469-73f15acdc264,2,599.74
a48f84a8-9fd5-44c7-8681-c47e0a583ec1,efc39be6-8fb1-4923-ac8c-7c46b7eba0e0,1,581.41
b890dc93-ec8a-4293-ba9d-249649eddec8,0253c29d-e782-4771-aa8d-2255012187f4,3,1795.33
cb438108-cde9-4856-8218-8cade40cf035,b18e1c15-2220-46ff-ae9b-116bfb859ffe,3,571.54
d13b6a8e-c44d-4155-a120-e543659e4162,e6168916-71f4-4a87-a952-518794565fa9,1,1295.12
67736247-bbe5-49c6-8bad-cd541688165c,14c45874-4ed0-4b6e-a2f0-a919eeb651a3,2,1586.25
b46b1fbf-6a3c-4f03-96a2-b1336938bbd1,efc14360-3988-4e5a-97b3-f53fdf01f06c,1,710.42
760daec7-44c2-43e8-9792-377b1a96e9bc,588ab4d3-ea4e-4230-816e-9ad2168df32c,3,187.88
ab123e6c-3f47-4e01-ad61-54bc8c3dfa5a,e7005f56-2a73-4e93-b7bc-2f67365b3344,1,434.9
6c8415b9-ecd1-4d28-8b39-62b54d87db28,032c7e0f-7d10-4dde-ac5b-69042fa1f3dc,2,991.49
755f3ddc-dc03-4851-b407-cd04b91e01bc,0fc28aef-4850-429e-b1e6-b0e5c312abce,1,782.54
8fb68031-9df4-4540-9aa9-b9508059e608,1bf1a431-71dc-4ff0-a991-fbaab008d47c,2,274.5
ca121c27-462f-4822-8183-ebe219a1b198,bc6d2978-8574-4938-a2d7-f6e60508376b,1,1243.33
16a9b665-7952-4cb0-acdd-87fd05963ff8,92c4eb35-ff5c-4341-8a09-e0f940bbc157,3,1501.48
46fbc124-080f-44bf-8a3c-3af3c9317e3e,4b745fd9-88ca-460a-bf70-98b33019d478,3,1087.81
55254385-4a19-471e-a75c-b535c1e7e3a6,40ec4023-f429-47a3-8dfb-a6a528a6bdd7,2,1187.81
54cb6860-7377-4900-aa18-6822d4211d1a,46511a80-0b26-471b-acc6-a59174a7132c,1,791.66
99d19e5b-3758-48e5-ba3c-b3408d81c85d,e516b35e-6c4e-4702-8f80-c7b8b69e5d95,3,1149.98
c993d842-9aa7-4084-9ce8-6813884c0e91,f81b2001-c33e-46ff-9b3d-e6c5f8ec4a0b,1,1824.13
64592b6e-74c2-4eaf-941a-ebeec6ac8877,9759d000-3075-4585-9746-ec26867e18ec,2,1994.79
91fab808-5851-4930-a922-310318f0f851,6ca0bd1d-4b7a-4b7e-9416-8db0475a5bfe,1,1696.77
9abf45c3-bccc-4b98-b794-7c1f07ff1d3b,85a66690-0eb9-433a-91e9-c7c1aec09006,3,1075.38
3c17c71d-ed1b-45b6-ab54-0096a7bafdf6,5b9e5f7b-b480-43dd-bc79-038ea801aa9f,1,240.81
30b17c7e-ec5e-486c-8f2d-c5df84134395,cef22703-9bac-452d-8a6b-e0399e65e77c,2,675.63
b104900d-2d65-4d02-9855-79bf7710e443,894bfbb9-4523-4b1e-8024-9caf558ab5e9,2,1211.2
73f8355f-252e-48e3-8699-09fcba0d25e2,641e5cab-31a8-4c9e-8056-9c52c8bfc892,2,1234.14
dbfe8010-db85-472c-86ea-05e5fd2749b5,99bfc965-7da1-46fd-9961-97036ce65469,1,666.68
f7d5c549-eae4-433b-a57d-925e38f96ee0,074e8efd-1f45-4773-a0d4-e2412f61b538,2,494.97
1f2b940d-5b0f-4937-a914-ec4d408b2ef0,16eea7f6-ef72-4cc0-ac0b-626bbc6241d7,2,623.38
faa75834-e4cd-4804-824f-4bf420ae7250,96d7f6cf-eeb0-4ed8-9400-a291d0a4fd77,1,1037.09
5c1b7080-2bcb-4457-8f7c-ba0297967617,9d8c30a3-6884-425c-9031-11b4cec89825,2,1089.95
b47857f2-bff3-49b1-8eb2-3d1d4dd870b8,6e96fe0e-eaac-4291-ab88-01ceea695255,1,681.9
2aa2e1fa-939a-4832-bc54-469d1917702e,fda5a89d-72cb-4a0c-827e-95257c65889f,3,1554.68
572a09ac-b69e-43dc-a68c-f314a13c22e6,fdcbf58b-1abd-49c9-b846-d738b85ca02f,3,1436.09
ed874bf4-2483-4244-a62f-f0cfd09d9687,fe65edd7-03c0-4c07-9c84-66790a61dd56,1,1710.43
1e7533c5-a672-4df4-bed5-030a883da8c0,3a3c63e0-a8ee-456c-9b8a-759265600dfd,3,1688.08
12bf0e73-5ceb-47a0-8c7b-6737362a6f0c,a1edf1e8-2859-44e4-9936-d3ee3376ec14,1,1516.82
3d2d4947-69fc-4a80-87a7-01dda83721a5,aea3553f-4d5d-41fe-85f5-f4832e10c1ac,3,374.37
b736be95-6363-4b4a-9261-026a54ae9685,d1c91653-5456-435d-a42c-17725f570cb4,3,764.0
4a616333-262c-4b30-8747-1caf59ace81a,282a9aee-8668-4ca7-9914-50c8fc38323d,3,28.99
223d68fb-7793-48bc-8f3b-7e0ed4e8c49a,e251387c-0534-49a1-92aa-4efcd37e052b,1,1569.88
7b4356d1-587f-49fc-acf2-2b275dfea17f,566fdac6-7e62-417c-ac54-bc74618d1069,1,52.55
016e4438-8b97-4d30-8460-34465cc3b7e8,20940c29-dda1-4331-99a1-df300daf972f,3,980.56
5f125dc0-82a0-4e37-b1c3-ba52ec60708d,9ff33315-0597-4573-8cc7-7ed03e2510ab,3,925.35
b38191b1-1f94-4354-b8a3-2ec1a4e5c6ad,23bf3bd3-c6d8-4f6a-b38a-285b11134f4f,3,871.41
6a9436a2-92b1-48ae-b7dc-6bed7d076657,6a3a3623-fc26-4eba-aba2-bd082dc80ab0,3,1506.22
52d2e296-0d77-433b-92ab-9874ee3454ba,72139b68-aa8d-417a-a028-6f9e3ae2e804,3,1488.64
d1bcfa93-88b2-4b10-935d-ba0d9ef69b03,adf65495-dd59-4594-8e20-c4d3c69aa8e4,1,1553.81
2fc41f90-65e5-4eac-a027-5acde60f608a,ba82b172-9e4e-4070-b5c2-c68c765fcad3,2,322.11
666d2d9d-695e-4e61-908f-c3bcfe35b7db,65ccca26-f8a7-42a1-965c-04eed35add79,3,910.13
970080e8-1687-475f-b2ba-9c1017895838,992455f4-1447-4935-bb14-8681927a17f0,1,1580.56
a0c349e7-3104-4356-9c92-8aafb6480e87,9f04efe3-9d94-44d4-88c7-6b44e2edba31,3,1499.03
668e87e5-924d-46a6-82b2-39015b5b81bb,de0a45ed-8245-486a-9928-7c65e136272d,1,873.59
b8f1a6a4-215c-4d72-874d-c44213002f49,34431259-a102-421a-9811-9b760fd1f97f,1,1536.2
bebd12f7-2c6a-4cc8-aa0a-ae8708e7b99b,11b16887-0f86-4ff4-9fac-c96ee8e6b7d8,2,1847.06
b8e8a518-673a-4537-9f51-ffa75d47dea6,1c8c4376-fdb6-4b9a-83d1-6fcad7bcdfbe,3,256.36
a9de8d1a-0527-476f-800a-1e1a32a31875,75554651-47f2-41a3-99a9-a0aa740ba2fc,1,1495.33
d9ff6d2e-1d63-491d-8ffb-42c07b991ad8,ea95a183-4538-41fa-a10f-a082aa2c2327,2,881.56
5dadced7-a28a-4a39-a554-849fa23c6e7a,4e87d62c-7fa8-4726-ab2d-df1b214d06dc,1,1522.83
5e02c2c6-5182-466b-adb3-8d13edf69c1c,a59083fe-d431-4b0b-a13a-2539eb840517,2,1227.75
c50f4dfb-be67-4a51-8225-39ac9c6d65f7,995d2220-ae0c-48dc-b741-42fded91bf9e,2,1790.63
db5790f8-04a0-4040-999d-e8bff84de6de,435406c4-5fc5-428f-b199-943344058282,3,1511.36
af73a09d-2f54-4e86-af26-aba60afbc2d3,04bd2422-db52-4691-b363-528b80706264,2,85.56
43cbff69-c7dc-4d95-b9d6-727c6af40636,4b18e48d-3e1a-4944-862c-1f2919f3377e,1,873.12
ac2a2350-f0d4-418c-a377-eb7de2957fe3,a944454b-8e2e-4c85-8dec-cfdefbe3a6e7,1,93.39
829f6446-01c1-4b7e-9851-4b76b2deb5f0,01e791bf-551a-455e-b649-6a6588beae1b,3,715.9
e29c8df0-3d5f-42bb-a241-1faa656eb216,8b20a34c-e3f1-48f0-a1b1-6dfce7dd06b5,1,229.41
664e1e63-f222-4988-92fa-f0d4bf131090,66e8285d-6f1a-491e-9f80-fa3270bc6fde,1,894.88
083a3b16-370e-4295-82fb-52ec55eb9cd2,dd5d633f-b833-44a5-98b2-028cabd63c07,3,920.26
f0a84a1d-39f1-405c-a966-949d52f4097e,709f0eec-b5ac-4810-883f-038320c98df1,1,1113.92
c82443f6-e314-4567-b232-002dd94e00d2,09e00a27-1f33-4b80-bfc8-7d1aa8ea067d,2,561.83
252e7f70-6b14-4c01-818a-09f77393c758,18be3fe5-ce3c-4067-9ddf-0c754e21376e,3,1114.75
4a88d59c-7c50-40c5-91ae-decc34d40390,fafb4f56-a4c4-44c3-b57e-833fb1a2daca,2,35.5
2f1cf767-8b4d-4dd1-80d7-1704e54a7324,cf634455-6690-4b42-8949-737b4b10267f,2,776.93
1039de2a-884d-4329-84dc-618ac51a8132,021dd269-13b8-44ab-8e35-e628fd88394a,3,1126.14
cb767443-ecb0-496c-8ebd-3db8e79d6d4c,04337e2b-2752-4e7e-91be-6609a8759bed,1,358.78
ca2737c8-7871-4370-a7c8-5ce9adfb303c,acf063b8-7b6a-495a-ae01-a902f1b4060c,1,52.86
bba8012d-6235-4dc6-b42e-f9cbb2a5ad54,62c39fb2-737b-4b4b-8a75-f1c8005a8136,3,588.97
2ed77110-d61e-4352-9b74-1e941e6f1268,98623711-d712-4d1e-92ec-9c6c5b46eb6c,3,525.02
891b14e4-fb96-469d-97f8-70cca56d673c,1bdf51aa-9232-48fd-8747-829bfd520204,3,174.19
efe6adf2-0456-49d8-9e73-a9821c9a56d9,00a4e582-f98a-4502-9122-76e1ded5e95a,1,1956.87
97f2d9bd-b5d8-4efd-ba13-af838e0ca577,421a6075-28ae-4185-9f46-c55d95829743,3,473.66
5d6a28b4-9eb2-49b9-ba1d-c9165ed1efa1,f1e82178-c518-403c-a059-6b1cf10f0342,3,334.04
4a3e53cc-6baa-409d-8293-0dd1ad9ae0b6,e6a5bda0-e8aa-42ba-aaf3-4170f5320bc3,2,1528.22
7e69a288-3c55-401c-94d6-395698065e4e,fb305927-d32d-4754-ad73-7ae90a8d5a46,3,1364.45
8ca07c1e-3ee6-42cf-ad92-a7ccbb388039,e90f1ca3-2158-4010-984d-f4a1c31dbdde,1,1499.22
13d909bc-dd6f-4708-8810-e7c4dbec30f4,82535f43-8e61-483a-825c-3daa4759a559,1,1961.3
e7e6b6de-774a-4a95-b0b9-d13df1a94328,3f3234bc-2960-4d08-bab0-3ba8ca6f6a40,2,5.78
35194e68-1dd7-41a7-bf8a-3d0d0e0b59b8,aef10455-1dc3-4d57-98c9-35404421fcc8,1,1496.3
bbaa0737-ef73-4e9b-a970-9c0712b1d718,5d71bfd8-0b04-4128-b2e0-1d858c5f1eb5,2,1180.25
5907c384-9ad4-4efd-82f6-a243a2cd4ec1,6910f80a-08aa-4549-b7af-6558edf83961,3,230.77
8cd34ee2-ae24-4fb5-85b4-dae6da303bd7,73c2e533-97b5-4d30-9ce8-66fafa1c3e26,3,976.59
57f08b33-ead2-4117-b6ac-22857bb1b3f5,83c47769-b17f-42fc-ac3e-980d63fb2007,1,1483.27
22003086-642a-4a9c-a9af-3f249b340378,7c4da5ac-0faa-4c26-9298-f60a7457012e,2,581.48
85546ca4-8bc9-418a-abc1-8b122cf8c31e,665b6977-e4e7-400c-9b1f-33238306d445,2,890.06
8b8cb154-8c0c-4ecc-b212-a177dad798f1,9a31c079-9f01-4c75-8755-dd6da3d85a90,2,717.1
351aa20a-788e-470c-a517-e41a6e073043,f92136f1-62b9-4398-8759-858d7710598e,1,1938.18
7c7b8d0a-8b9b-4951-8b66-821d53c0ee67,35232239-9d61-400f-9dfd-d36f0678346b,1,1966.31
51dd7394-ec76-4e2d-8be4-250a3c755de3,2050c275-d1d1-4b75-b6ac-790250c8cd8d,2,1795.01
ccf5a9c1-44d9-4630-97bc-cbb1a6097bab,71f0097e-d1e8-4f5c-9e82-cd06f674bbbe,3,1786.4
8392056a-fe63-48ea-a7e4-0f541df8d9c9,64a1fd36-525e-442b-a642-d1d6a47711c3,2,1775.88
1d8f67df-5887-4e42-a254-9890e3adc90c,14dba374-a0b8-42be-8f00-da1440a348b6,3,1718.2
64ee11db-4202-4bce-8cff-e90d08468b5a,78726e63-c3c3-44b1-8788-e9066fd13279,3,1518.64
74de41d7-5556-414b-a656-72fc393410e3,abb34634-506a-4a80-871c-43084ba95758,3,1345.07
e012ea43-acbe-4a68-80e6-50fe86f66dc6,93e9d0ff-d557-4d57-a64a-c22a15701312,1,253.03
ae966a0b-2338-440a-940a-28071bea5d38,356d7ca0-7788-4f1a-b1c8-0cd515efe935,3,493.74
b7648fdb-4d4e-4077-9ad8-e67fcdad76af,efedc92f-8e7c-48c2-adec-79b8133b9b23,3,740.17
63360812-3038-456c-ae20-bac987761dfa,0eb7979f-248b-4091-846a-7bdec0e1013a,2,391.86
0b4be9f1-420d-422b-a738-a52900420517,74f5fa29-fd65-451d-ab75-f9bad6e874ed,3,1509.61
762f990d-e31d-46c4-847c-d944018ca43b,b432d6b0-0ea8-44c8-8388-01bca567e0a4,2,1630.73
dc2e11ee-311d-4328-bda5-979509026cf0,c0f135b8-c858-4f2c-a771-3c357672653a,3,95.89
78dc2d16-f7df-4399-ac59-89a7aca1d5b7,f9163721-b265-423b-95a9-a0440c77e123,2,37.41
040acbeb-45da-4731-8f34-28c6287c61eb,e7bac6eb-3ea3-4ab1-a46a-59533b3c262c,1,1699.08
71fffb22-0fd9-4354-be26-02cd30df6a72,80b6c3c5-fc3b-4b97-b847-358ad8b7c9e1,2,1829.76
f5e47e0a-046f-405d-9b19-d6a1bd3bf5df,4b48c6ad-c224-4d5b-89b5-5e8d499f4ed3,1,1092.68
19134487-114f-427a-88d9-6f9e5ccf6569,71e7d6b2-863c-4abf-a88f-43ff190a908e,3,880.71
156a351e-db28-4c8f-9fb4-d8ce995581f7,0ec34f79-4166-409f-81b2-cf1f62fd47f4,2,1872.94
a8e6af96-730e-4cd7-a85c-605c75736e15,e7084cf5-06ee-45da-a787-0a79328a557b,2,1486.03
b32045a4-ee8f-45d9-9f0a-4210135166a9,bcfa04cd-b353-4de2-8562-6542a4840d14,2,206.03
c6c6c42b-2ba3-4c00-bf7b-75d8fccd6596,cb584a61-5849-44e7-8a80-b40227858be1,3,928.71
32dbd53b-7f44-4e1f-bbb2-8c426829a3a2,ba8265c0-1575-4bc2-bdd5-6a25bff44480,3,819.14
1b198598-aaee-485e-a807-b6d950994a27,f380ec8c-7c71-4c31-86c5-91cb42b6af47,1,761.42
11dd1f27-1843-4c80-bb8d-1fb138e278ba,c32a499a-a74f-41cf-a557-94fc15578867,2,981.63
4ba3b37a-05bb-4e40-aaca-d35fd16ae6ff,be1d2b0f-dfc4-461c-9e4e-3bf629dc79b6,3,1237.99
14ceaf50-95ec-481b-b656-582ac047c720,93abc0a1-b733-4ded-ba46-61290aaffb91,2,1230.77
dd2754cb-0608-4f35-80d4-ea24c35e2e57,cba59028-1b8c-404f-9c86-1a0f76902b04,3,1879.45
56882019-1453-4e41-9229-1e2aab20731b,9e1d5e39-b439-40f7-84d6-fd8891957fab,1,475.59
da69b754-06ac-4c2c-bf26-4dc1ddd32a95,6e68dbf1-49be-4f5e-ae5c-1bf7cad8171a,3,785.98
801317dd-9319-4a2e-8569-ecd189ada57d,267ecf48-7829-4165-8358-d345315f2332,3,516.55
93429baf-942a-466e-b0d1-57b17ab5a4b3,30a56a44-0ebc-4a8b-bd07-aab19920f0df,3,510.38
0f8307f8-1a52-4a0b-9ab2-6a79643aed06,de5c1a43-147a-4057-af7b-c4cc5d7db94d,2,638.02
e39ae322-d249-4591-92a8-da75b67489cb,1e2ede8c-4f32-4185-9993-e2f836f6c75a,1,1826.23
232ba0cd-39bd-467c-a01e-964e53d9c9fb,6d919131-e572-4d5d-ba18-bf6aa0ef802b,3,686.42
34d06ef4-9083-4883-8ac7-67a6bbc474b3,d3d2858d-67eb-42aa-b1dc-c209ba583a3e,1,114.83
3c24ffb7-c5c0-4dd4-9661-30cc62b9a198,bdb27f23-141e-4ef1-b6c5-0bf0f97818bc,1,1781.82
ece59a78-022d-4124-8edc-c95d6242592a,b9274892-3904-434a-8bac-9ff7e66c11b5,2,568.94
a2dfe9fa-a96a-40a2-9add-755a614e599d,fcaaacbc-5ee1-42ec-91d5-575d4a5c28fb,2,551.56
34c72b3e-4f2d-41e0-bca2-007913390640,def813ea-93f5-4c84-9bf3-8fbc789e71bb,2,1116.17
fcf265fd-9961-4214-a5b0-7f6793ae31b2,a398b493-c73e-4c9a-b951-a2f312a493cd,2,284.22
2d7ee5ca-fffa-496b-af23-9a1964cbfb59,faa5d68d-7978-4bea-8359-0ea8fb3f44ac,1,393.8
f28407e6-3923-4915-a846-3b0d341eda74,a3f7dd10-f3b5-401b-bc58-b2afcf4c9e8a,1,1879.28
d9c99bbc-b553-49cf-b539-9f094a3aed1f,61251540-cede-40a8-9d2f-dc44e2bba42d,3,1754.55
f5df760c-c1f3-450b-a250-6d7e61d18c03,efd1d783-5ce6-4774-bc42-a6ecd232b46c,2,1361.08
3669babc-a953-40f8-8863-7869c32332f2,58b6cab9-b4d0-44f4-ae38-b86a458e16a5,1,484.6
12dec581-a785-480a-ba8b-16886d49ef42,55b1f30f-282e-4bf0-ba78-ab90b7b78e11,3,467.47
66304cb9-b1df-4df1-a090-2629c5fc4437,a8ead64f-c054-4252-a2cc-eaf610945e39,2,1740.71
5732c5fb-bb42-44e7-b191-bd501c119961,031a1813-2cd0-4693-937b-75d320c49209,1,706.6
3990249d-0acf-4724-b213-904789792342,5815ce40-a4bc-4be3-9eac-226028911bbd,1,1428.47
25a75212-e630-4416-acb9-bb9a5655d425,0c468f2a-268c-4793-866c-81afc93398df,1,1523.86
ea15c51d-4ce4-4c60-8312-8d83b4654881,6878b981-def2-4e99-9e06-0035268e5774,1,1879.33
16a81521-fed4-4ecf-83eb-a209d9b2c686,c835b0b6-c91e-4077-ae5f-a49e428be627,1,142.69
955d5216-ebaf-43e9-8e2f-0034cf622a52,94bb3fce-928e-45dc-950f-e5facc188b1b,1,1086.77
0f7e2792-f2a4-4b29-9672-55b5d0b05b60,86284a36-b75c-4682-aa09-5d6a7d7e3907,1,1998.22
7e10af97-c462-4247-a639-06c25061eced,fd88aadd-649e-4cbc-9df4-ea053c1b4ae5,3,63.91
96b2677e-ee53-46e5-ba8f-6dccf49ba6df,85f9afa2-0a2f-4752-95eb-4fb2c4c54000,3,1738.7
de18d366-cac5-4c5d-a4fd-f4beb8a1c2b3,07f5a341-7965-4964-85ea-61385387e7d9,1,1230.76
6e81853b-ef9e-4c4f-b4bd-e61ee6b69a04,febf241a-5bb6-4707-a4f0-2a65f976ff24,3,672.6
51ba0d8c-f90b-4fed-b005-16a5a11d1cb8,a9d78d8b-f4de-49ac-a248-3efdef0f7bee,2,766.97
307c4e7c-b288-44e5-a9be-405a3435ca85,93c18fb1-1f0f-4259-890d-9fb479970cde,1,1143.5
d6c2e5eb-a047-4588-8a3c-98c36ad06c65,f46ce43c-4e15-4c95-8748-f6d4c236b887,2,711.44
f957348b-1a7c-4e16-b2d4-0dfe6662aad7,fd2d1b46-4904-435a-8009-10ff2672c09d,1,517.63
7d6f6b8a-e88c-4797-891d-dff425d28046,0901cd60-253d-46b2-97bb-93539a539994,3,114.51
a15adf0e-46a2-4400-87b2-05447c1a2431,d0d0abea-2fa4-46d1-87c3-4916c2c22613,1,1765.31
46b1d2c2-6c4e-4c4f-ad97-4adc4957d641,365b546b-01da-4698-966c-2151238475ac,3,864.44
b2906a54-6324-4b13-aff8-1bf75236fe09,8728c755-80fa-4aad-a502-ff0bfe218b3a,2,600.79
fe955b26-7fce-4749-86c4-37930cd3db0b,05341242-f806-40b2-ba6e-8ece1dc5e98d,3,311.63
b973b081-156e-4278-ae4b-b0b0ffb00113,08eb9148-039a-4a9e-9e25-dd6cb1677476,2,314.17
ae97a20e-12a6-4571-86e2-3363adce2f09,3ece37c6-11a8-4b3c-8fba-65e1fb43c136,3,1124.14
ec9c0716-d0ae-4449-a153-b77dee253cf7,68268790-c64a-4918-8e52-ab1e19bd4778,2,1281.08
42701ae7-bbff-4194-854c-ba317e2e7843,f3f5c003-2578-4bfc-bdb2-cb5906c80282,2,169.3
f55b6b0d-0c24-48fa-943f-970315e25309,bec8cb87-d54a-4dd9-b244-39f4ee918369,1,784.11
5645f78a-b531-486b-8d2d-feb361e1c112,23ffc1b6-a5e7-4786-9584-a99a4420e3da,1,1036.29
78548e48-9d07-4a33-bde0-ebcbfeb723a4,e7c9042f-ed75-48c4-b35d-14306718bd90,1,782.75
1a7ed883-df00-4d86-bd68-b9d546e09685,469df7c9-baf1-44de-aa44-00b8f0c0a796,1,283.9
23bbb777-2ac0-4a9b-9fcb-ee943ef03751,ce65cc92-f1db-4c78-b851-e3a78fd21f46,3,626.78
43fb5611-2193-423c-a727-d4346cbacc64,eed7a3b3-0386-46ce-bed3-d726ea493c1c,3,1635.56
d4204085-a0d2-4df6-87c3-b40811c234e5,2eb61785-8416-48f7-add4-f8826d60a345,1,469.79
98a03ee4-1947-46de-91e6-ad9fa3766f71,f32880af-2baf-43d9-a94d-16a1ef30eb35,2,1427.56
97bbd4ed-878a-4656-b3a0-69c6ef1481c4,1c0441f5-52b0-477b-90ed-c5bd40557ac9,2,870.8
a90c20fc-4b26-4d9d-95b1-98a1bf86db24,4b18e478-82a4-40dc-8a96-a9a8b8d43f4e,1,1422.44
20bfb2a4-5c7d-44ce-a38d-cc3e47c2b123,7189ebf5-01cc-4090-aa96-ccc20979cf1f,1,1133.41
2c5abbd0-9893-424f-b5bb-d32317273bd6,0e66fc71-28ed-4c0a-8356-4238a132cd06,3,1399.7
d790db53-87e7-4247-aa0b-389ed31384a4,d664e06c-5c89-42f2-8304-f22b371fd436,2,1163.56
ab77cfb9-b349-4c9c-8931-276b4b60c177,ceb20b8e-e011-49b9-9a2a-8ead37466949,3,1962.04
9fed950e-9ee9-4e96-85d0-9b0216abad33,63535d6f-4605-4d28-ae16-706a0e7a891b,1,467.39
12582b44-025c-4e3c-bd68-0f5731c3ebf2,89bde1f2-27b8-4d08-ab4c-dd164d6eda34,1,1155.04
706b7cbd-eefb-4d35-95e1-a0f91ce638c9,cf3a0872-8000-4845-9854-3eacd3fd9ba6,3,1395.54
d81165af-7024-44fb-ab65-a235912e264d,b038c5c0-f66c-46e3-96cb-6dc63183cdec,2,1692.82
617d1a38-6c11-437a-a800-be4d86c44601,3e4d419b-f617-4034-a571-c0bd0aaf3873,3,1472.79
27c90bf6-e5f1-4c24-85c8-b9ab43a1c90e,af8b7903-324f-46f0-a738-7896a44e5b7a,1,886.88
5b010664-379f-42a0-9304-0e2cd99120c6,ed805805-15a5-49b7-bbda-0f5b73e390f1,1,228.82
a63acfac-a283-48e9-8f9c-7acba8c21c53,8a5bc397-7924-4ce9-8931-4965a56878cc,1,676.01
4476d58b-d4b3-4481-a9f1-163b317d6725,e05fb299-b63a-4932-a78f-f2b265477ace,3,801.72
e5d0b234-c235-46eb-9e1f-9c62aea14aee,f376cc33-c827-4eb9-b40e-27eab088b319,3,1120.73
ccc7f4a3-3840-44c5-9a75-dff1e9b49af4,c38e92ec-8cc3-41e3-a69a-d4859f09362d,2,1360.87
c2849c06-584e-42c8-a828-2c6b962c8263,e74dcb43-04e4-405a-8702-404f6a39f515,3,1481.07
7156c50a-929f-4b59-ad5e-ae69c56f531d,1de493cf-eeb2-4476-b5d2-bad997e893dd,1,1892.94
ea106811-8b85-43ca-98dc-f2c3b37ae0b6,5c1fb86e-383e-4bb6-886d-a10680054661,1,1426.12
83820640-aef5-4174-b595-c920c9a98df5,f8529aec-8142-4135-9e1a-ffa2d799c39b,3,1624.83
07788b70-d84a-416f-8a90-ce99cd34e42e,34dcfc6f-6d91-4c6b-b5d9-20e7a6a6c9b2,2,1035.62
b5309d12-b9cf-4461-aa54-f506217ed6b9,88ca8327-83ac-41db-adc8-c6c68c0c1f9c,1,791.08
9f6da081-6501-489c-8186-543593e7a4a1,be379a47-b0b0-4174-b2df-dcb8ba1df2d8,3,1212.25
976a71d5-40f6-4bc2-b853-ec04f4f07772,6e69564b-5ef9-4373-a13e-e84ea35b4b2e,1,859.37
0274e597-61c9-4266-9191-5eae169531e2,cad770bb-ca1d-4be4-89f2-874b301d018b,2,1265.62
666e7177-7bf5-446f-96a8-3965646ceadf,757f48bf-0e5b-4fa4-8fe8-37df6cc6be62,1,312.21
4d28fb64-794b-4322-a071-535568fdbd8b,18ecad98-f5cd-42b3-a457-98b2d6a9e0f9,3,976.02
a6859ba0-5183-44ad-a186-16a0343c0674,4e525315-3983-4cc1-a8c1-9a18e31f8b30,3,1187.91
b241f7f2-2097-456e-8674-b97ee62218e2,40382b3b-a378-4460-bfea-7360d082a6a8,2,246.65
c95f90f8-1add-45ce-acb8-2eea8c1139b9,5493622d-5aa4-4601-b142-720ff0655197,3,1901.75
e1ce3f37-29da-45cf-904c-2278c111149a,db3297b7-e752-4f24-9829-855c565214b1,3,1812.16
faa1dfd9-390c-41df-a666-a7c13f4747bb,c2d35cf4-f82b-4fec-9c0b-e90c387d7e62,1,1824.35
bde72936-4c5a-484b-bc06-78ce9642d219,a7ae483d-76ee-47f3-bf30-0a8cd10d48cb,3,392.27
fe719caf-efd2-462d-ba39-0b50c64176be,68f37e6d-d291-4690-ad7d-c63597c41829,2,1256.19
745bb206-23bf-412f-98ea-c7e11b3ef213,b8a1f30a-5f88-4e3c-a6ad-b281273b972b,3,1542.85
74f057c5-b540-4233-b4d7-a6f4137bbfa2,469b3ba8-dfe5-40ed-b1bf-d2b5df238f2e,3,916.02
5e3a2ffb-58fc-453c-beea-b983f18eeee5,68efe807-9239-4ece-8348-d04ad81f977e,3,1050.95
ba4f9cd9-63dd-46b3-9fbf-8169b321760d,4326bb89-7c1f-4f1f-bc09-b53dda558b79,2,941.8
acdf1cd4-8a2e-4547-8337-bdd8b6b3ebfc,8610bc6e-ce6d-4c06-9d97-f6a03c573925,1,615.62
450afbf7-acdb-4639-8616-974c8f477a23,5bb43e80-b7aa-455a-8302-f01d2c688c71,2,982.34
9ffe3ffe-d98d-4c15-9261-4e05367d216d,f9da8b36-98f8-4cdb-8b9f-a1676e9c4d4f,2,1839.86
f77bbba2-7b77-4a22-9fc5-1953ca254757,32db533b-fabd-4c51-9404-024fd917990c,3,379.18
0c8afb75-749c-48ab-b9a8-14f6d05da3b8,4f21af2b-ec56-43e1-9a75-b659c1224fd2,3,159.29
fd5a7ffa-b0e9-4e75-b173-cb176a770204,158f9dc9-0689-4dff-b5d3-64e1c587821e,3,1751.6
8c3c8b50-c79b-435c-b3fa-4f52801e2258,7e67f267-c1c2-4472-9ab6-c9a4900290db,2,989.82
d8aa8664-801d-4b8e-9787-b3e9e64caee0,93d08840-34c5-4199-b2af-bff3944ee658,2,229.56
0b46bf2b-b35d-421a-a127-39b6e47cff3d,b7533865-8c6d-4d26-b5ad-7c8cd2a6df25,3,41.97
5baabcda-2bac-4429-9855-a7d43269e144,e997063c-01ce-4f40-b0f5-c35531b6f81f,1,1069.19
7cb92470-e615-42c9-92be-915d5aa441d9,0af1c65f-2cc4-45c2-b880-d85eb5b6ec71,3,466.75
f424c57e-aa4f-4adb-9724-287bcd6d19e5,ad9e5dd8-fdfd-446c-9b23-fa6b6533ccf2,2,1611.07
f8475d81-2ca2-4826-b4e3-f866e123e92d,87e58430-84a9-4677-b486-9f986f849c35,3,1593.87
30c62fa6-8e18-4053-9243-b39a8bc3a609,c3dca6c0-4a90-4f56-a663-386136871d39,3,1357.05
a6ca64af-5676-403e-9ccf-a6ef7f26f1fa,82ae567f-0a4e-48a6-82bb-dd745d575c75,2,1420.96
d5eabfe8-efba-43ca-9382-9e50f9b86fa9,5840ed92-6442-456e-b368-6ffbe5434e63,3,149.82
b7ffb85a-f13a-4e60-b1cd-3654b6b24414,6087c87e-82b4-480b-8717-8df988f2281e,2,810.0
69acbff1-074b-4910-a9c3-eebcee1fd1bb,c387d292-3a68-4541-a7a3-424b1216e108,3,349.06
52bc95b9-6e1c-4e50-bdac-df0905da3c30,6fb73c24-94e0-43e5-8fb9-ed00fbdf7f1c,2,1717.2
cd5f1b80-7129-426e-b49c-bdd17907af92,51d52da7-9ee7-4695-a75a-5c7838000bc3,2,1996.45
34352dd0-1f3b-44a4-8fb7-a9c73ab5503e,3f7e9fda-427a-478d-b29b-bd0ca920bda5,1,1944.23
0c9c9ddb-d3cd-4163-a0ef-39f38418536e,5c898838-aa22-4a23-8367-e44ef6351685,2,354.19
ddb8e5b2-c7a9-45ba-a861-174c230eac0d,627fc211-59f3-4bce-823d-b0edeece00ad,3,1447.32
ff1855e3-1b77-4833-9841-4ec1cec90525,20016eee-10e9-41a3-88e0-342186e0a75f,3,142.93
0ffe26b9-2f55-473d-8f5a-b424b4987488,576fb605-ba80-4ec2-8755-dba75dfe08cd,1,942.46
60752c89-ce82-400e-987e-c85741707e4b,b90b06b5-dbb5-4574-97d2-b40c2ac34494,3,728.91
09a43c0d-f859-4228-8d79-dca5806a5359,1656a941-12eb-4c70-8a52-fa0a623bfcbb,1,1726.63
3653f3fb-3902-401d-8a1d-fbf02fd8b17f,0927dc05-28f4-4b46-a098-f1f966770d02,1,89.41
5eea098f-e004-43fe-acc0-b53157962c55,dd8fa393-26ea-4e07-ba0f-a2ae751836e3,1,614.17
6e0ee68f-fe40-45a2-9ded-c4c2add1b9b2,4cf6a0ac-76db-49c3-87bf-b9b4f8177fde,2,1699.61
7eced4a2-5091-470d-98c6-aa5c149ba73f,267d0dce-b0ac-45ca-965e-07c06ab1df33,1,1211.55
798c66c7-8ac7-4fb5-b1d0-0b461f82274c,e5714646-d18f-4136-b29b-d9cad8f13817,3,269.37
4e763f71-3564-469b-bbd9-2aa66b5c6e32,721abf2b-b2ea-4a66-a627-08fe80ebf4f7,1,734.24
2b030336-86c1-4972-aace-25bbfe48aabb,9dc85960-3376-49f6-a9ff-b07b4e721891,3,1723.7
e2b3e13b-bda0-4086-b6c3-59ccffe9b4b1,061130e6-104b-4a7f-a293-d91b81ab8fb9,3,94.48
691f2920-ee0c-4868-9a65-e4232710d90b,0f226c64-f35c-4fc8-af9a-74889cfdd1da,1,288.75
096501ee-c301-4a12-9952-a2fee2f6a78d,e4d5d4f2-9baa-4ff2-868d-e7ea5556064b,3,1096.9
27cf2393-ad21-431e-932a-3aacdff3f340,50c2fcf3-351c-4da8-a0bc-c5ee337b8444,1,1858.0
f73c18e8-9d35-4c22-ae82-a0f14527abbe,0aac1145-7b21-4399-9dd3-86a734974ea9,1,1880.29
a295d098-0550-443c-9e1f-6386cc03dfa3,2568c101-6931-4e64-9c21-94c5078643b0,3,1716.86
0fc8b0b3-5926-44bd-aa84-35b27fde78d8,11fe927a-61dc-43d1-8ce1-6c00d46bb629,2,256.52
e72ce46b-8b05-4195-aa4f-ce23c27f8f0a,bcf2af8b-7092-40f2-a2f4-20abe8be974e,2,1773.33
2082360a-82f4-4a35-9231-f9140c21f72e,3253a24f-156c-4f58-b4b3-7bf584db338b,1,608.41
893d250a-34ec-47a5-9438-f8d85715ca3b,e713ef68-82db-4fff-8866-2b92566a872f,3,624.73
2490eca4-d5a8-473e-9246-758dd9d848de,20102c52-4142-4386-a73b-24281d8ac8f7,1,1863.3
bad7acd6-8dba-472e-86bc-630176f7b32d,79af87ff-cf86-4ce0-843c-309d2d80f6f5,1,1177.24
a09f72b2-bdcb-4749-847a-7e211e7aa55e,2fc73cc4-fb65-4478-8def-13dd8ead48fc,2,739.29
d32e3a15-95c1-4e6d-9fd1-49f510b9929d,095d2ec5-5ef7-4854-b923-807f5570d5fc,2,1076.26
72ec5e5d-b519-4c59-83fa-e597def27579,2f31e9ae-3a55-4d56-88bf-f24f454dd5c8,3,1916.66
4bb6e8c0-0554-43ed-92c3-2ca58c944c14,d1471772-c033-43d9-b039-1849fc3a941c,1,565.18
8e305f72-7511-4e51-9d85-ce2fa9384514,eaa15789-dea5-402b-8032-c06e35227ea1,1,326.87
c640b48a-bf2c-4975-b0f4-4a92cedadcda,de00a069-3dc3-4fea-a94c-995c15a73059,1,259.45
2a48801a-9a62-4631-b11f-d901e6820e3a,5e712908-5c9a-4d45-b05c-ccbb7e63392d,2,1014.75
74433645-7688-47aa-ac16-4fc0f38434a5,47a859c3-a97b-4167-a831-8b547ce648f4,3,1654.7
4af602b6-33c8-415a-865e-5301b4f216b3,f6f540b9-32d2-4a6b-8ead-fd928cbd35ce,3,1972.1
005c89c5-2ebd-438d-b639-aaab11e4b4ef,52f20e04-eac3-497c-98a4-4e8eb467fc7b,3,1434.23
d18e10a3-9c5e-4967-8dba-93be576d39cd,0dc3cea8-fac2-4792-b970-25e756d5c066,1,790.91
5e5d03af-94b7-45cc-9c66-c25a4e307c98,96f9a22c-5e16-455a-aefa-9934c7c5c72a,2,1826.45
6eeede6e-bc9d-4386-ade0-ad39205cbf50,b50caaf9-27a8-44d5-aec0-04d797f935f5,1,1924.62
833cf089-520f-43dc-8c12-a6ef25fbec92,4bc6cd11-b8ae-48e9-a559-8869f8415e62,2,1767.77
5c9461c7-478c-4704-ba66-6610db115d3e,476dcab7-c49b-4727-908b-38b6c387d063,2,1255.75
0f74adfb-515c-4970-9b1f-5791fd0a6638,4a820a5e-68a0-4867-9a7f-872401ede231,1,954.82
189aebe2-8ad8-4078-8dd8-d52891131c2f,245e193d-a293-40b6-b37a-435edd8f8218,2,918.14
6f06c4c5-86f0-40f7-8110-e2226ad353d6,4c72f512-4e27-4e2c-8481-c4885b6c754b,2,560.56
be9b3ee5-c4a3-4489-b4f0-e6ef647e27a0,b622e098-f906-4998-bab9-e72b2ad6d332,2,1370.72
a7b4e290-5358-4edc-8308-b6fb9297f169,9ba5a873-5837-4d17-a2ce-76a52ce3829d,3,67.9
